Quarter,GEPU_current,GEPU_ppp,Months_available,Completeness
1997Q1,74.77018651008112,76.31605920122922,3,Complete
1997Q2,77.46307371260542,82.05571903452788,3,Complete
1997Q3,65.49169381697318,63.56134650207273,3,Complete
1997Q4,95.97233947620934,86.90951793392234,3,Complete
1998Q1,91.13262783959368,84.71021134176267,3,Complete
1998Q2,83.34661386736356,79.34084801043656,3,Complete
1998Q3,122.67404411713797,120.03759086430392,3,Complete
1998Q4,105.82335446868335,102.37798075438555,3,Complete
1999Q1,81.10526330135565,77.95494837556109,3,Complete
1999Q2,69.22868077761463,68.23938056246062,3,Complete
1999Q3,69.89553969556509,70.66845259952449,3,Complete
1999Q4,66.4698975247148,66.11264870960788,3,Complete
2000Q1,64.10631712106733,63.77006743742255,3,Complete
2000Q2,81.1985434493352,77.48452099275556,3,Complete
2000Q3,61.53419446913585,60.587066167020815,3,Complete
2000Q4,92.85870745666533,87.85523990223237,3,Complete
2001Q1,103.26662262135305,95.59727958845623,3,Complete
2001Q2,88.34691628255173,81.400021806054,3,Complete
2001Q3,119.93969519265856,110.91642267673687,3,Complete
2001Q4,135.41868607849776,128.9017421480652,3,Complete
2002Q1,90.32459199136416,86.33436370934452,3,Complete
2002Q2,85.26519124254182,83.46795578141415,3,Complete
2002Q3,110.58775390650543,106.52219677233931,3,Complete
2002Q4,120.65546368716686,116.82807361734586,3,Complete
2003Q1,148.75710924041505,141.0479689573227,3,Complete
2003Q2,111.04191108461477,106.53099681911574,3,Complete
2003Q3,77.54343453984148,77.64924656189618,3,Complete
2003Q4,75.11973643087968,77.1679779229309,3,Complete
2004Q1,74.88349867256689,77.9359914146299,3,Complete
2004Q2,81.68278827389543,84.74966149669375,3,Complete
2004Q3,73.57165312173487,71.42103589401786,3,Complete
2004Q4,79.97332179371318,80.19635784908824,3,Complete
2005Q1,55.80332777462366,59.846645837764775,3,Complete
2005Q2,70.35987276761692,71.62685727839957,3,Complete
2005Q3,72.83815042892057,73.24542487982018,3,Complete
2005Q4,64.68288042397917,66.42688093206982,3,Complete
2006Q1,62.683858688596295,65.93734009380239,3,Complete
2006Q2,69.45436829165487,70.39483987919115,3,Complete
2006Q3,62.703468850826276,64.22512139604972,3,Complete
2006Q4,58.29194759972905,62.61827002866025,3,Complete
2007Q1,60.80985465634612,62.53716593003228,3,Complete
2007Q2,58.488725152430476,59.9192545196211,3,Complete
2007Q3,75.07380828728144,74.03447745571235,3,Complete
2007Q4,86.0641570700701,85.24994695301905,3,Complete
2008Q1,116.7904718311798,117.84169217890611,3,Complete
2008Q2,85.40673369064969,89.30274013074926,3,Complete
2008Q3,115.869770557587,119.58683943771496,3,Complete
2008Q4,165.0191191224769,166.07286189317384,3,Complete
2009Q1,141.36425785392925,141.22967730807977,3,Complete
2009Q2,106.96663683087873,109.44053057869155,3,Complete
2009Q3,104.29150944238471,111.07799565111338,3,Complete
2009Q4,99.32651697700915,101.92512617734297,3,Complete
2010Q1,114.55019995420928,117.62433724417293,3,Complete
2010Q2,130.2199430447983,129.1803079038941,3,Complete
2010Q3,133.95020308149387,130.31090326193103,3,Complete
2010Q4,129.70803294188917,128.54430689570998,3,Complete
2011Q1,112.93995779266162,115.23262879872686,3,Complete
2011Q2,111.52901927770246,111.78968006670993,3,Complete
2011Q3,186.5391097041883,184.56880925988324,3,Complete
2011Q4,177.46230636862776,181.21171687235798,3,Complete
2012Q1,141.44996560516972,147.35409093668991,3,Complete
2012Q2,155.84561555839232,159.448624508552,3,Complete
2012Q3,139.21928234878519,139.72685504168615,3,Complete
2012Q4,160.3640925802147,157.59610413238704,3,Complete
2013Q1,143.05882104622134,141.92011833689466,3,Complete
2013Q2,122.1702321603758,122.92645302310298,3,Complete
2013Q3,120.95441067921531,123.25404077807303,3,Complete
2013Q4,129.6937840036036,130.52216869301392,3,Complete
2014Q1,108.67041308947817,108.60377702463309,3,Complete
2014Q2,101.34145082425327,105.11062834602531,3,Complete
2014Q3,102.79816207388645,107.77292169355944,3,Complete
2014Q4,112.6152265649987,115.78712709386438,3,Complete
2015Q1,116.95964223530899,121.85951167735472,3,Complete
2015Q2,106.7635228791956,104.59471658001036,3,Complete
2015Q3,130.75410814161106,128.70639130886627,3,Complete
2015Q4,109.50445811410634,109.68771914444336,3,Complete
2016Q1,148.49435400892057,145.99056177160764,3,Complete
2016Q2,163.84393584158406,159.0965461257674,3,Complete
2016Q3,156.359435185376,151.13550512894793,3,Complete
2016Q4,178.37338312655405,171.61427564909727,3,Complete
2017Q1,221.58166168904145,227.67765042990584,3,Complete
2017Q2,162.09726397956396,161.0045521060279,3,Complete
2017Q3,152.60127662724344,154.95929460995185,3,Complete
2017Q4,149.35020813572768,154.18732513889856,3,Complete
2018Q1,159.83260770639777,159.66828769560348,3,Complete
2018Q2,165.61246006885912,166.25213539531646,3,Complete
2018Q3,195.70846586136972,203.61143087425026,3,Complete
2018Q4,225.05196123725818,231.29823835309904,3,Complete
2019Q1,217.37760540357735,219.75566202892674,3,Complete
2019Q2,242.3348081071275,257.72480311423686,3,Complete
2019Q3,256.97490294215055,262.2174178954795,3,Complete
2019Q4,224.09019606643474,233.71309575541252,3,Complete
2020Q1,233.48681388301023,232.10068028812125,3,Complete
2020Q2,347.4521095329044,352.7825669389487,3,Complete
2020Q3,300.2566806523523,304.2195572900844,3,Complete
2020Q4,331.34844305284054,339.59685336193667,3,Complete
2021Q1,224.15423411619565,230.33102044640634,3,Complete
2021Q2,177.74404373192274,185.39057490618325,3,Complete
2021Q3,198.47605043474368,201.14794890727777,3,Complete
2021Q4,222.62842584820763,226.12487018972425,3,Complete
2022Q1,229.49556115450022,237.1601439116467,3,Complete
2022Q2,261.0620893586065,275.87340349343975,3,Complete
2022Q3,256.37975500857254,261.87516512764716,3,Complete
2022Q4,268.55666012731524,277.7302020965418,3,Complete
2023Q1,254.69558027745492,269.6909593489036,3,Complete
2023Q2,226.8248106632102,239.84670787752222,3,Complete
2023Q3,186.8500982680483,196.45818715407526,3,Complete
2023Q4,204.58539299335385,219.4745552879962,3,Complete
2024Q1,192.52985944460212,205.9990299535631,3,Complete
2024Q2,173.73450077803338,177.55551575157304,3,Complete
2024Q3,204.44761594196947,214.5372501694285,3,Complete
2024Q4,268.1362858098527,271.2809647492151,3,Complete
2025Q1,368.23861148931627,360.46352213944414,3,Complete
2025Q2,497.22608974113473,466.28184071285915,3,Complete
2025Q3,348.33866558764913,331.1400729833423,3,Complete
2025Q4,364.9999631903438,375.4953836723019,3,Complete
2026Q1,390.7967303712023,397.23133524958394,3,Complete
2026Q2,315.57953326216375,314.54180887294575,3,Complete
2026Q3,241.6904910005747,236.256033970068,1,Incomplete - exclude from estimation
