Quarter,Months,GPR_QMEAN,LN_GPR_QMEAN,GPR_QMAX,LN_GPR_QMAX,GPRT_QMEAN,LN_GPRT_QMEAN,GPRA_QMEAN,LN_GPRA_QMEAN
2000Q1,3,59.3671722412,4.0837414177,64.4578094482,4.1660108927,59.4185651143,4.0846067215,57.7163289388,4.0555401307
2000Q2,3,64.2944793701,4.1634737702,79.4828796387,4.3755416480,68.0497576396,4.2202391676,59.1064135234,4.0793394384
2000Q3,3,50.3620923360,3.9192387559,52.6899986267,3.9644256582,56.9847526550,4.0427837348,39.2790476481,3.6706912380
2000Q4,3,55.6373964945,4.0188555740,76.4565277100,4.3367223141,57.6380907694,4.0541836472,56.2667694092,4.0301041195
2001Q1,3,54.5654067993,3.9994001069,61.7089538574,4.1224290396,61.3714777629,4.1169451957,46.8789939880,3.8475696857
2001Q2,3,61.0033124288,4.1109281648,72.0643386841,4.2775593128,64.4772555033,4.1663125338,56.0836219788,4.0268438266
2001Q3,3,207.9428545634,5.3372633043,498.6478881836,6.2119002118,126.9648246765,4.8439100770,322.8961550395,5.7773307701
2001Q4,3,351.8051198324,5.8630773854,512.5297241211,6.2393587076,179.1135508219,5.1880199669,581.9311930339,6.3663522157
2002Q1,3,156.8797607422,5.0554796568,172.4772033691,5.1502650734,100.6066309611,4.6112181696,231.7204538981,5.4455317050
2002Q2,3,156.7164306641,5.0544379981,163.3223114014,5.0957256189,123.5940068563,4.8170020556,208.0575408936,5.3378146804
2002Q3,3,141.5820643107,4.9528795088,174.9033355713,5.1642334531,123.5256220500,4.8164486005,171.5344594320,5.1447841761
2002Q4,3,168.9904123942,5.1298419819,175.8117218018,5.1694136599,168.3463745117,5.1260236100,183.8867746989,5.2143202133
2003Q1,3,268.2522379557,5.5919277243,358.7111816406,5.8825175567,301.6628061930,5.7093098578,273.0614573161,5.6096968882
2003Q2,3,187.8889261882,5.2358509701,255.7751770020,5.5442988438,164.6117579142,5.1035897189,231.7892913818,5.4458287322
2003Q3,3,130.4420394897,4.8709289863,138.2309265137,4.9289256671,105.9207738241,4.6626913979,163.6686503092,5.0978439591
2003Q4,3,118.6230494181,4.7759508135,129.4650726318,4.8634111354,97.9346516927,4.5843004368,149.3900502523,5.0065606724
2004Q1,3,122.3585459391,4.8069556357,138.5320739746,4.9311018799,106.6520182292,4.6695713686,146.3441467285,4.9859610173
2004Q2,3,135.9854990641,4.9125482555,149.6313934326,5.0081748927,106.6351191203,4.6694129051,181.1034138997,5.1990682156
2004Q3,3,141.7524312337,4.9540820940,153.8716125488,5.0361185700,126.3063634237,4.8387104115,175.2072448730,5.1659695297
2004Q4,3,117.4884694417,4.7663401964,122.7073898315,4.8098025767,93.6797688802,4.5398822522,148.3830261230,4.9997969450
2005Q1,3,100.0920130412,4.6060898933,108.9779663086,4.6911457178,90.0650863647,4.5005325908,108.4025293986,4.6858514227
2005Q2,3,88.7874730428,4.4862455707,98.2059631348,4.5870669379,77.4492746989,4.3496232021,100.3937759399,4.6091002127
2005Q3,3,128.6457468669,4.8570624785,165.9019165039,5.1113967493,96.4411163330,4.5689326287,170.3760935465,5.1380083085
2005Q4,3,88.6307245890,4.4844785762,95.3502502441,4.5575569565,71.1455739339,4.2647281151,110.7567927043,4.7073367407
2006Q1,3,94.3886108398,4.5474204180,95.8581924438,4.5628699373,88.9238204956,4.4877800537,100.0087509155,4.6052576913
2006Q2,3,92.2657826742,4.5246733542,102.5727691650,4.6305724898,86.7762247721,4.4633326760,96.9292043050,4.5739808595
2006Q3,3,131.9800669352,4.8826509031,147.0811157227,4.9909842422,128.7444051107,4.8578290831,138.6816329956,4.9321808960
2006Q4,3,97.5069274902,4.5799234267,113.1352996826,4.7285844448,102.7830149333,4.6326201150,88.2513605754,4.4801891130
2007Q1,3,93.8086344401,4.5412569034,97.9200439453,4.5841512676,93.3071034749,4.5358962408,90.8426717122,4.5091291280
2007Q2,3,89.0617599487,4.4893300611,97.9723129272,4.5846849176,79.5364481608,4.3762153840,98.8737589518,4.5938438743
2007Q3,3,96.6694412231,4.5712973362,112.3462524414,4.7215856420,90.4430414836,4.5047202767,106.5105539958,4.6682440788
2007Q4,3,95.4119847616,4.5582041970,101.4730148315,4.6197928994,99.2933731079,4.5980788328,87.7314529419,4.4742804775
2008Q1,3,79.9624760946,4.3815574758,81.4998245239,4.4006008672,73.6535212199,4.2993719519,84.6616083781,4.4386622330
2008Q2,3,77.3423436483,4.3482415889,87.5484237671,4.4721920548,76.3405939738,4.3352048279,75.0424779256,4.3180543255
2008Q3,3,88.9454116821,4.4880228297,89.7395706177,4.4969118158,80.7021560669,4.3907652920,95.8958002726,4.5632621882
2008Q4,3,78.5357335409,4.3635537256,92.3664321899,4.5257636247,68.4213905334,4.2256855028,93.2137324015,4.5348950542
2009Q1,3,75.1555913289,4.3195605157,85.3694763184,4.4469886167,73.4210637410,4.2962108664,76.3772939046,4.3356854518
2009Q2,3,85.4929835002,4.4484343082,89.6808624268,4.4962573954,83.9744033813,4.4305120308,83.7385889689,4.4276999103
2009Q3,3,83.2171630859,4.4214536136,92.8399887085,4.5308774598,81.4362818400,4.3998208966,78.6497929891,4.3650049974
2009Q4,3,88.5416920980,4.4834735382,92.9469146729,4.5320285202,83.9628804525,4.4303748018,90.4354349772,4.5046361704
2010Q1,3,82.1411081950,4.4084386000,91.5810241699,4.5172240905,79.1053924561,4.3707810451,83.7206751506,4.4274859619
2010Q2,3,91.3913294474,4.5151506101,96.4536972046,4.5690630715,96.7475814819,4.5721053340,79.3714726766,4.3741390175
2010Q3,3,77.1812642415,4.3461567364,80.9938659668,4.3943734230,72.0281499227,4.2770570138,79.7749201457,4.3792091712
2010Q4,3,85.9670003255,4.4539635055,97.2038955688,4.5768107885,87.0610033671,4.4666090611,83.7325083415,4.4276272933
2011Q1,3,102.1081364950,4.6260324134,136.8883056641,4.9191653062,97.9162114461,4.5841121277,107.2578862508,4.6752360866
2011Q2,3,93.5848439535,4.5388684468,105.3449172974,4.6572398932,79.9403152466,4.3812802968,111.3478673299,4.7126592407
2011Q3,3,83.0755920410,4.4197509408,86.9515686035,4.4653512809,64.3768043518,4.1647533874,103.2927525838,4.6375672147
2011Q4,3,81.6129786174,4.4019883010,85.3413238525,4.4466587903,82.8845723470,4.4174489453,79.9766108195,4.3817342272
2012Q1,3,86.9469248454,4.4652978732,92.4458236694,4.5266227829,95.2245254517,4.5562375289,75.5084266663,4.3242442615
2012Q2,3,84.0034255981,4.4308575789,96.0166854858,4.5645219835,84.2626113892,4.4339382481,79.4342168172,4.3749292177
2012Q3,3,75.6556294759,4.3261918522,82.8080215454,4.4165249353,72.9094161987,4.2892177966,78.3278935750,4.3609037793
2012Q4,3,79.2949549357,4.3731745066,81.6636657715,4.4026091755,72.0349985758,4.2771520922,86.6859766642,4.4622921252
2013Q1,3,82.7148488363,4.4153991365,90.6574935913,4.5070885989,81.2123209635,4.3970669717,88.0014343262,4.4773531135
2013Q2,3,87.2660649618,4.4689616698,95.1078720093,4.5550117422,84.5576858521,4.4374339743,90.7781829834,4.5084189812
2013Q3,3,88.4639638265,4.4825952807,100.4593276978,4.6097529461,84.2269999186,4.4335155340,93.2728144328,4.5355286874
2013Q4,3,73.7015431722,4.3000237375,77.7790222168,4.3538717575,76.0317179362,4.3311505945,65.9863777161,4.1894483225
2014Q1,3,88.9193496704,4.4877297754,119.8385543823,4.7861454568,98.4780654907,4.5898338380,72.0981140137,4.2780278860
2014Q2,3,91.8058344523,4.5196758517,98.7671051025,4.5927646050,100.0538838704,4.6057088796,81.4129168193,4.3995339437
2014Q3,3,135.5853983561,4.9096016880,138.7539520264,4.9327022353,154.9013264974,5.0427883110,117.1477483114,4.7634359442
2014Q4,3,84.8557586670,4.4409528582,86.5262222290,4.4604475152,85.3588714600,4.4468643860,83.2562764486,4.4219235188
2015Q1,3,109.3818868001,4.6948453077,111.9856948853,4.7183711389,106.4059473674,4.6672614717,114.9210764567,4.7442456011
2015Q2,3,88.1195958455,4.4786949355,102.1904907227,4.6268386277,89.6411819458,4.4958148343,85.5792566935,4.4494429254
2015Q3,3,96.0182164510,4.5645379282,106.8086624146,4.6710390320,107.3555831909,4.6761465322,79.8474884033,4.3801184202
2015Q4,3,130.2948811849,4.8698001985,150.7158813477,5.0153964839,102.6648890177,4.6314701794,175.7130686442,5.1688523729
2016Q1,3,110.5603612264,4.7055616273,118.2111434937,4.7724723771,104.5293655396,4.6494680419,118.2930857340,4.7731653224
2016Q2,3,87.9073333740,4.4762832298,90.1681289673,4.5016760272,81.9322230021,4.4058923567,95.8733393351,4.5630279384
2016Q3,3,105.9647216797,4.6631062244,114.6104507446,4.7415389934,91.6760355632,4.5182610099,129.2509791056,4.8617560886
2016Q4,3,90.2823359172,4.5029418258,102.1804656982,4.6267405215,84.9367853800,4.4419072784,99.4207331340,4.5993606747
2017Q1,3,105.3478240967,4.6572674860,114.2063598633,4.7380069862,109.9267018636,4.6998137970,98.6657740275,4.5917381186
2017Q2,3,116.2763010661,4.7559692646,126.7890167236,4.8425244194,114.3232065837,4.7390295824,118.1484349569,4.7719417573
2017Q3,3,118.9598414103,4.7787859690,138.5316162109,4.9310985755,142.5890680949,4.9599668437,88.1624247233,4.4791808487
2017Q4,3,88.9252802531,4.4877964694,92.5960159302,4.5282461162,103.0276769002,4.6349976599,70.6434504191,4.2576454002
2018Q1,3,89.6268183390,4.4956545870,111.9622955322,4.7181621676,109.7515029907,4.6982187465,64.0753593445,4.1600598804
2018Q2,3,117.6328938802,4.7675687062,125.6666183472,4.8336325143,151.8789418538,5.0230837684,71.3880640666,4.2681306854
2018Q3,3,99.2746734619,4.5978904878,112.7416839600,4.7250992192,120.9466857910,4.7953498352,68.0493265788,4.2202328331
2018Q4,3,87.6772435506,4.4736623851,92.0164794922,4.5219676859,108.8139012655,4.6896390952,58.2645238241,4.0649933974
2019Q1,3,88.8508529663,4.4869591546,96.8001632690,4.5726486809,110.5424906413,4.7053999777,59.9621378581,4.0937133273
2019Q2,3,97.4379348755,4.5792156099,106.5884552002,4.6689752057,124.3604685465,4.8231843528,58.5332018534,4.0695941463
2019Q3,3,95.7645543416,4.5618926201,103.4044189453,4.6386476976,120.8423817952,4.7944870666,61.7755114237,4.1235070307
2019Q4,3,81.7316691081,4.4034415535,97.8367309570,4.5833000787,95.3363723755,4.5574113997,62.1101557414,4.1289095141
2020Q1,3,98.6388448079,4.5914651476,138.4209442139,4.9302993628,125.0322952271,4.8285720657,67.0799929301,4.2058858316
2020Q2,3,69.6914927165,4.2440782546,71.2278594971,4.2658840270,83.6609649658,4.4267725003,46.5492261251,3.8405103790
2020Q3,3,70.7722371419,4.2594667930,80.3773803711,4.3867327979,93.3349126180,4.5361942353,38.0749308268,3.6395560820
2020Q4,3,70.0726420085,4.2495324469,76.0831680298,4.3318270581,87.8347676595,4.4754574093,45.5799388885,3.8194676831
2021Q1,3,76.6647567749,4.3394421083,78.6187667847,4.3646104341,97.9370676676,4.5843251057,48.0107688904,3.8714253376
2021Q2,3,85.1001586914,4.4438289003,93.0071334839,4.5326761943,107.6387812297,4.6787810031,55.6161829631,4.0184742194
2021Q3,3,76.2014287313,4.3333802123,89.4865493774,4.4940883277,86.4284083049,4.4593164216,65.0463218689,4.1750996602
2021Q4,3,90.3146006266,4.5032991376,105.3454208374,4.6572446731,123.5397466024,4.8165629391,49.5155792236,3.9022873518
2022Q1,3,224.5963083903,5.4143046058,318.9549255371,5.7650497935,307.9356689453,5.7298908941,139.8085645040,4.9402740905
2022Q2,3,154.7029673258,5.0415069386,191.1430969238,5.2530223461,183.0206909180,5.2095992116,146.4566167196,4.9867292530
2022Q3,3,127.3419520060,4.8468760036,132.8632202148,4.8893201796,156.9792531331,5.0561136510,105.8751271566,4.6622603540
2022Q4,3,123.6915461222,4.8177909353,143.1624145508,4.9639797519,149.1564610799,5.0049958294,107.0432840983,4.6732332769
2023Q1,3,110.2137985229,4.7024221023,120.9943771362,4.7957440746,128.3857854207,4.8550396797,94.8042449951,4.5518141867
2023Q2,3,108.6020940145,4.6876906892,110.5289459229,4.7052774407,123.3482844035,4.8150119345,93.7622528076,4.5407623529
2023Q3,3,102.4082590739,4.6289673644,107.4487838745,4.6770143050,122.3567937215,4.8069413153,81.2796579997,4.3978957761
2023Q4,3,165.6208699544,5.1097012603,197.8870086670,5.2876962045,161.5709330241,5.0849442600,195.1073811849,5.2735500797
2024Q1,3,146.7283325195,4.9885827989,160.3736572266,5.0775064502,134.2068150838,4.8993820063,177.1554412842,5.1770275465
2024Q2,3,135.8540013631,4.9115807897,163.9473419189,5.0995452904,142.6193847656,4.9601794368,136.2944666545,4.9148177411
2024Q3,3,121.2429072062,4.7977960308,140.9750671387,4.9485830459,118.0007705688,4.7706911547,131.9481277466,4.8824088737
2024Q4,3,133.9857635498,4.8977335521,142.3664398193,4.9584042958,131.9402770996,4.8823493740,145.0203323364,4.9768739556
2025Q1,3,141.5077972412,4.9523548197,174.3096466064,5.1608332958,149.7406412760,5.0089047394,136.5701573690,4.9168384560
2025Q2,3,176.3182169596,5.1722904134,221.1349029541,5.3987729359,216.9640096029,5.3797314854,154.4532165527,5.0398912450
2025Q3,3,133.3197123210,4.8927500956,138.9884643555,4.9343909394,153.1419982910,5.0313655844,118.7648773193,4.7771457178
2025Q4,3,130.4535293579,4.8710170665,154.5225982666,5.0403403527,144.3549677531,4.9722753202,121.2633666992,4.7979647646
2026Q1,3,206.2240320841,5.3289631122,330.1768188477,5.7996283257,231.7938028971,5.4458481959,210.6076914469,5.3499971206
2026Q2,3,211.8811492920,5.3560255009,252.3643341064,5.5308738137,239.8040059408,5.4798219478,235.7450561523,5.4627509506
