Quarter,CN_y,CN_dp,CN_de,CN_r,CN_deq,US_y,US_dp,US_de,US_r,US_deq,US_gpr,JP_y,JP_dp,JP_de,JP_r,JP_deq,KR_y,KR_dp,KR_de,KR_r,KR_deq,SG_y,SG_dp,SG_de,SG_r,SG_deq,UK_y,UK_dp,UK_de,UK_r,UK_deq,EA_y,EA_dp,EA_de,EA_r,EA_deq,CH_y,CH_dp,CH_de,CH_r,CH_deq,CA_y,CA_dp,CA_de,CA_r,CA_deq,AU_y,AU_dp,AU_de,AU_r,AU_deq
2002Q2,2.9638515189657433,-1.3101304661832458,-4.742349942331003,1.980666666666667,3.442548304744612,0.6108371700558557,1.0808901358290157,-1.4962409147106115,1.833333333333333,-5.738460314065406,5.0544395040549785,0.715143974854282,0.4446732143391863,2.423418400118038,0.09000000000000001,7.082149702068204,1.8856877766096236,1.3177110187748475,3.278871888807,4.816666666666666,5.819187007355917,3.856923167979076,0.32797667969983735,-1.1006744255984913,0.8872368421052632,-2.759406594725118,0.5255795896316862,0.9730284642576414,-0.8342941290082173,4.168156666666667,-3.0226620626414338,0.466978348843039,0.9833584906911774,2.815404300844282,3.446013708513707,-6.2697707106967755,0.5008257236671199,0.8890609037809583,1.8947504246423108,1.257911523015873,0.869232153352532,0.5891043359512516,1.482007589225276,2.463394793332796,2.509666666666666,-1.43741835477774,1.7070621967143929,0.6548808913763082,3.5646086379731656,4.833333333333333,-2.7373197787733203
2002Q3,2.5660786535145697,-0.8737243706391951,-4.175750403478062,2.126666666666666,4.085409912155006,0.40568740529094427,0.42541449528057385,-1.655323066030423,1.76,-17.753174247805145,4.9528649283460435,0.3072345028925838,-0.17079423451562548,4.022497898507726,0.08,-14.517544332349578,1.8402549358650155,0.4054222702555954,3.4567003338291435,4.84,-14.980067827466826,0.9798265286493191,0.0,-0.06232014425355814,0.9107692307692309,-12.029588218768954,0.5848589538804738,0.08798944694392574,1.5276992358892905,4.011933333333333,-19.335230497148657,0.4574467317597808,0.0503841804335714,4.3970949490087285,3.35735064935065,-25.843729794975488,0.07697983407455311,-0.555568699447484,1.6130856909436275,0.7614675548654244,-21.338642976215848,0.8609928001844125,1.0641936149510478,-0.6737691213683838,2.805666666666667,-14.61821078596035,0.24654299350643782,0.6506200896054359,-3.1791279164975705,4.953333333333333,-7.128378393189201
2002Q4,2.101530796596407,0.9947009064346091,0.7560111608913012,2.346666666666667,-12.455838778694922,0.12352872316245822,0.31327769102693637,0.27885181894529154,1.486666666666667,-0.7559510300826409,5.129839541574732,0.2333137953956843,-0.10261673553122463,-3.269380025999613,0.08666666666666667,-11.773175769922805,0.9399665622262354,0.5251415016650718,-1.3819983182409068,4.906666666666667,-7.06973002171188,0.3195363000145335,0.03273858271146679,-0.5220792034159594,0.9626315789473684,-7.383141614925058,0.6578025797549181,0.4825629017823907,0.4373672360859615,3.984399999999999,-3.5198613771174303,0.1863632721832431,0.5400327096088731,0.9408338772693092,3.108817908902694,-6.992802394729498,-0.647410331472642,0.528859063524667,0.427242765828062,0.587913848757764,-6.0170319052526695,0.5477377154663898,0.49496883762607524,-0.2583933745932576,2.715166666666667,-2.223311817019546,0.8367548123710655,0.6464143730920746,2.086135538209266,4.856666666666666,-3.6013129641465547
2003Q1,2.816694198945102,1.6576772091537961,-1.204208936779061,2.313333333333333,0.45585064987461704,0.5252600775873972,1.0068734948266211,-2.178484500654143,1.263333333333333,-3.1910906284811693,5.591919381510808,-0.11506199512529847,-0.411523214510634,-0.4091900799163106,0.09000000000000001,-3.524378495633693,-0.5387887696797655,1.7457171150970119,0.07133824356495566,4.666666666666667,-13.115032188842783,-1.0723184053855306,0.326797676461954,-1.0822135122695364,0.7427397260273972,-6.7614541857089385,0.8406324801300435,-0.0437732552404313,-3.548380104965343,3.797303333333333,-8.24564085316353,-0.2711526126876862,0.7113914556849288,4.503587348567972,2.68307352092352,-11.196352235398898,-0.6302578197112219,0.17715975381529248,1.7371185902659292,0.4103888468253967,-12.272053081247968,0.5548309507245719,1.340546476878135,3.5018436169971245,2.855333333333334,2.067794070151307,0.23009572260868083,1.280426657831768,3.7516435124820724,4.77,-3.4977625016516187
2003Q2,1.8607377224446608,-1.1710682390051907,-3.4576132299166673,2.203333333333333,4.95318178235653,0.8817230448537217,0.3636367643384375,-3.377777335914267,1.166666666666667,8.678212819708737,5.235856685205431,0.8217265510235272,0.4457404945707566,-1.1377308734177305,0.08333333333333333,-1.3601023087561168,0.06610107444142699,0.5750392016077299,-1.9574452357613126,4.43,4.910328723948277,-0.48457046885257427,-0.16326534238855217,-2.2726109506427505,0.6561333333333333,3.7503399254680168,0.9238732565367336,0.8284329044784933,-2.717734396393734,3.639386666666667,7.837598226967741,0.05484280205205749,0.6693133563586251,3.8239273404034435,2.361910317460317,5.710618245914582,-0.12465731851936113,0.3927076905627658,-1.917930847967142,0.16356135,6.52828605660925,-0.1451466438144422,-0.16252238259584217,6.2502230444242635,3.157,3.1402228238333545,0.39018509267236823,0.0,5.515698357928489,4.746666666666667,3.3243760801370668
2003Q3,2.711698538250573,-0.6776413930368541,-1.1004432488993743,2.793333333333333,-6.066651673542194,1.6495202592908598,0.48882146760069745,0.38728680886528366,1.07,6.451586437101932,4.870938905127979,0.2897257468321257,-0.1712036028514774,0.4835020883633412,0.09000000000000001,19.18283454883301,1.5864249905471084,0.27198955531977376,3.0118345484065223,3.96,15.62221310411275,6.427097283395078,0.29368596733094776,-0.16023198911181424,0.7594871794871795,15.304007035683947,1.0375782792289456,0.04341219950960706,-0.18054990542752947,3.569803333333333,4.273782661882578,0.6542730125691065,0.13168184282141837,-0.7982680909915274,2.13926341050254,7.043743850380565,0.8893953375711305,-0.6536529842628092,-3.1062393339476024,0.151062937549407,9.826442197462846,0.3731663090367654,0.38961088245645925,1.359180477387678,2.774,8.713863131653671,1.691103733701027,0.634117255835065,2.943514295467864,4.816666666666666,4.691831419527491
2003Q4,2.15499055312951,2.7856007335334,-1.1703302988337327,3.163333333333334,-3.687577849057851,1.1540367037562227,0.018058690793942844,-3.6582410465241466,1.103333333333333,5.438395953002741,4.77598130670846,1.0062476331268222,-0.1714972123296299,4.890736686096631,0.09000000000000001,3.2808216765224225,2.5179069832620193,0.868262819445409,-3.3926990734481244,4.166666666666667,7.483860204688369,3.634009229360302,0.19531256208820125,-1.3646972132869806,0.775,9.044018647905647,0.7804070455083689,0.4762944704553185,1.7587165569318053,3.93415,4.219357740534382,0.6481111480886703,0.5699890362611093,2.4116416176958033,2.14964951690821,3.982322628276898,1.0184788101928355,0.6023993435222863,0.7106081207416182,0.136263954968944,3.7196953593800632,0.6850710195465126,0.16189092090099777,3.6467793346649735,2.647333333333334,6.3285541051056615,1.6850411834193224,0.504425339584369,5.175172960340291,5.25,2.763153022592101
2004Q1,2.7803627694462207,1.788776319246299,-0.5685940245298227,2.48,16.874830691923943,0.5650520244302903,0.8988016645945507,-1.9298813957691507,1.053333333333333,7.023089341630953,4.806967519282702,0.8519021060924281,-0.24059128292064358,-1.265161080209598,0.08666666666666667,5.446171978100205,1.4129913148170026,1.4808416491512766,-0.11620380131969199,4.09,9.810237264460877,0.26211668203330873,0.920453519686415,0.42485869785942043,0.7508108108108108,7.378229664155757,0.3167298619524139,0.0,3.5805396897019115,4.17286,2.488800447736331,0.5098206638027847,0.3754799938317177,1.8596825528376826,2.062950759144237,8.541496899929106,0.6513682812682831,-0.2863176908955545,-0.5091906710734229,0.144940797826087,8.078609421866707,0.7245167635605121,0.5162967260931239,-1.3643553781776063,2.201833333333333,9.123746343288989,0.743455143012639,0.8766452548319315,4.700419112573506,5.543333333333333,3.363715654017467
2004Q2,1.5527312685215122,0.3314257756849237,1.1912908682511159,2.843333333333333,-5.518026150256393,0.7719649922285576,1.421488043371788,2.9067069383215127,1.246666666666667,-0.9229578757904503,4.912532329206697,-0.07296102938836313,0.2749142624921319,-1.8830577949971783,0.08333333333333333,4.624454399034888,0.8304588401363056,0.7322778450527423,2.1948574603779747,3.906666666666667,-4.383437326712827,2.3460040662696358,0.4345652835840319,0.5611298785028751,0.7724,-2.006725431126898,0.47941861461442414,0.8173846326166689,0.34722257107491217,4.57106,0.6438995657998047,0.6279575799628567,1.234808507526619,-1.9876797127021284,2.082429653679653,-1.9058411893971148,0.7215449868365198,1.1996351638194014,1.019490192081829,0.2325222879585327,-0.07356478798335067,1.1778958074740942,1.120190942251842,-2.383560940460061,1.980166666666667,-1.680815527760879,0.7340169322524126,0.4975060661475794,-5.674937083753306,5.513333333333333,2.9879637817956493
2004Q3,2.608760491475115,0.1299316094175218,-0.5842648678447304,2.986666666666667,-12.675203234194099,0.9441229877194424,0.352237067250627,-0.8939067981662774,1.703333333333333,-1.681791274384075,4.954088457910443,0.552648436394243,0.034311202944348196,-0.9007411585082892,0.09000000000000001,-3.144237410731885,0.2555057833586005,1.1595078478963572,1.3429086828743664,3.71,-5.1877751750750525,1.8510122556190112,0.3330006407191277,-0.4070822473305036,1.168589743589743,5.029123059744919,0.3568921958294169,0.04283572564958149,-0.4511051930648158,4.922253333333334,-1.0528830646769691,0.2298923519610696,0.10054091856561698,0.4902626034120061,2.116303030303033,-3.0978253136435754,0.04446933034163436,-0.6116824897169693,-0.29180923837399675,0.492897075757576,-4.3190729813959186,1.1753914515958641,0.19077907217273093,3.4487835798790556,2.147833333333333,-0.5749973285782689,0.6747110816532675,0.37152085703375803,-1.000928935622536,5.44,3.11806013537988
2004Q4,3.3134665016255394,0.792228238686743,-3.4000930557750664,2.86,-3.856432297155806,1.015039132555362,0.5959702126978605,-3.973472836950087,2.25,5.113226692440313,4.766353223579481,-0.38189262927881273,0.44497762966093646,1.3736244285060373,0.09333333333333334,-1.2334288957531894,0.8163023428988225,-0.05710878922391416,2.3764623966359366,3.443333333333333,9.44431986630431,3.0595159889609036,-0.0665114756813523,-0.01924298118201051,1.40578947368421,5.077513699253249,0.45532140204622706,0.6403437035206849,-1.8885807220868855,4.88511,6.048325816421274,0.4472326628089718,0.6091226655909665,2.3898519214470504,2.163608476064997,5.7056417301226245,0.35667573401605424,1.069532240748039,1.9814957828426571,0.6395496370851373,1.0646040218809893,0.7191232214703192,0.4437408232123907,5.652225976406466,2.546166666666667,6.334182651164119,0.762991230392629,0.7389263467985963,3.621022602047752,5.416666666666667,8.119519842423745
2005Q1,2.90231436913273,1.4552311511146776,-0.27367966725257986,2.46,-5.931831208680356,1.1032550523784046,0.6271797562066084,-1.1893067686405523,2.783333333333333,2.5409303586558263,4.606103084036689,0.617111241333923,-0.7197974522325623,-1.6872242904274692,0.09333333333333334,5.022846411264072,0.9317548668652087,1.3643940578575986,6.453656409657782,3.536666666666667,9.9608830546543,-1.9807587425093587,-0.4668231218552421,-1.169196439514586,1.856111111111111,5.353604815163536,0.7685252045590119,0.25499376332733803,-0.18287597362904862,4.91707,4.506660485873012,0.27107431044068875,0.11180323796784464,-1.1907155339537567,2.140323015873017,5.3207585486905575,0.8126955486660314,-0.31439757138498337,-1.8705818406825614,0.6648571920634919,5.516505699960321,0.3495910221460008,0.3472773813778751,-1.2384523402600323,2.466,5.321824085375352,0.8178432866300156,0.7334887071341001,1.571033181221182,5.62,7.226624627755209
2005Q2,2.535048385113603,-0.7114209639408564,-0.12963703450967756,1.743333333333333,-10.891126272270899,0.49141503100562645,1.3284073548534892,1.9375426053295008,3.23,-0.8700111787292196,4.4862364885743125,0.9565652298857863,0.13750431867469715,-2.557530407094788,0.08333333333333333,-2.5318361347188034,1.857616272314111,0.4681932323946647,2.684899970878085,3.513333333333333,1.0335281704104777,3.1318066613829743,0.2548483458714834,-0.687744495024667,2.08,2.157102396039493,0.8286765660080242,0.9714965531480324,0.8584650631616064,4.89285,0.5375654953540666,0.6172275780064851,1.2098281279150136,-1.865290043452017,2.12463997113997,1.2667418978959923,1.2385516086519388,0.9100521678200302,-1.0773564344009223,0.6719385225829724,3.5243418391771497,0.7201523366533458,0.9098101973464168,-1.0494803473671155,2.459333333333333,1.7253830461110862,0.4447792843177645,0.6071661519749583,0.3125401191895527,5.696666666666666,-0.7041962082441542
2005Q3,2.8822693465927696,-0.23669398928918284,2.4883646993571595,1.516666666666667,0.02512193947418506,0.7807581698624055,1.2094517583212117,1.039624741414169,3.736666666666667,3.532543895032826,4.857069628300103,0.8971227203304899,-0.1719099615395514,-3.461660730237792,0.09000000000000001,8.539702497942688,1.394080067232295,0.5334276793176329,-0.979287868608214,3.57,14.366372194482322,3.9380104247570102,0.7385289323650568,0.3092886873869105,1.892952307692308,5.450304991949293,0.9163612107247587,0.5031457155366681,-1.9869434714353318,4.616483333333334,6.915941614343149,0.7469492732472105,0.37386163457320265,-2.1016588172769524,2.130347731978167,7.678672421491521,0.99215736935232,-0.4899979329101356,-2.6225179940150056,0.672359036075036,8.180607299162999,1.204605015702498,0.870652266004246,3.8257420848665014,2.676666666666667,9.684568092371384,1.0793518748381636,0.9638659364790136,0.7138921411213417,5.63,7.349909473487486
2005Q4,3.343071309019452,0.86301807857323,2.4801809588987034,1.71,-0.6098159566144453,0.5539792380204744,0.5066722543348057,0.7665567266395001,4.296666666666667,0.5155752757142468,4.484470400750307,0.28088666828862685,0.0,-5.40730581811486,0.09333333333333334,16.248399589370447,1.1408961800968953,0.06603281356785118,0.3313312451019179,3.976666666666667,12.705875216187948,3.6689189570289216,0.5876215294381204,0.08205529423976898,2.579067741935484,-0.09477012063549296,1.0406079107238675,0.5006268278144432,-0.43557823223610015,4.614266666666667,2.275835182896558,0.6965152708103162,0.6538402010328959,-1.31586899818954,2.34344660894661,3.6878344274930703,0.9767758038549346,0.9853991063165424,0.09964359081457985,0.8402605572871574,9.878278972168939,0.9882557782579404,0.06190034242834486,2.4323917319991395,3.178666666666667,2.0226503616061735,0.8391049850593468,0.4784799109912363,-0.9178892794076354,5.63,3.1000490733333224
2006Q1,3.6215642417604776,1.4892862485979208,0.08067386841617008,1.835,12.193722306681563,1.3364138444498685,0.5376357036380064,-1.4679162663048473,4.72,4.18329379753939,4.547435135336853,0.07764643434597929,-0.10328801055985437,-2.050377134343506,0.1130333333333333,11.25797928986803,1.5771698036425086,0.9914781071933554,5.421859788953753,4.223333333333334,6.89004996104015,-1.0234893269883472,-0.228415815915195,1.1610653681796812,3.123131147540984,6.4751471735293125,0.359403772793776,0.12476607981550814,-1.4247768054916676,4.591026666666667,6.865874213488597,0.9380024493662376,0.09751341582067141,-0.6909078960903869,2.611546837944663,8.29729986393059,1.2071259826613279,-0.17876812812378517,-1.3148191186409974,1.011483136991029,7.9504483169602365,0.8086277750840587,0.49382816405829644,1.0513366634421928,3.603333333333333,8.913327894943421,0.0669391368709249,0.8318488226781717,-1.3912094452143364,5.616666666666667,7.053256881794348
2006Q2,2.998133345296772,-0.4707819576703187,-3.004703867154479,2.34,19.12639650340726,0.25841857443538174,1.678198395225916,-0.5024688511232611,5.176666666666667,-0.09761517674336642,4.524682935075405,0.27654592678612033,0.44681291039196935,0.20072664104979765,0.2533333333333334,-0.08065283265063623,0.7191377733625437,0.6229479987235997,1.0893235833210113,4.386666666666667,0.029115820898712525,1.8270774503067244,0.07920316023586338,-0.1661482965626071,3.116851612903226,1.5642358798376637,0.2649117159828407,1.2802157090582078,1.575561723260499,4.688693333333333,0.6380642821648125,1.0999747378824587,1.359142720353912,2.9711220677226535,2.889486531986533,-0.8579313187129759,0.863786597123184,1.0020927686786862,0.8310029462265334,1.28340076984127,-1.3671479737648435,0.049994325095514824,1.1022769290749856,2.1172675767612503,4.108666666666667,0.425205611314422,0.23940097733472498,1.6432219220131827,0.10024739307041841,5.84,4.57586755096298
2006Q3,3.0042624910662674,-0.30182308223150045,-0.15165230507179217,2.896666666666667,8.478192207197802,0.14984360437750865,0.5586606708639863,-0.22174544136275287,5.393333333333334,0.5130695769860305,4.882625139284358,-0.013833385827677347,0.27397277411198573,-1.9046565568014096,0.436,-3.515768785631729,1.555109535995225,0.812127742028057,-0.11595454802799665,4.649999999999999,-2.5821798584657327,3.7847197009504896,0.29020915412587556,0.4899228624775098,3.2317828125,-0.8462700760453283,0.15707697332523196,0.6136243430895583,2.3506094369574626,4.900826666666667,0.22206847600171672,0.5483103179850346,0.07304742640412698,0.6047768579962032,3.221349896480334,0.7962660134762409,0.7394238093999306,-0.5932937629895108,-1.180925542783129,1.53138430735931,2.789991126550005,0.281101756155433,0.06088280248945921,-0.43939001140262945,4.160666666666667,-0.2582322318005883,1.5201779523153824,0.9270084000286616,1.7017187074273465,6.149999999999999,-1.9362340100137778
2006Q4,3.3239250179236457,1.1976009530440201,2.025753789106144,2.84,19.21097560877808,0.8557775564906223,-0.8556905922174174,-1.9378069218599414,5.323333333333333,7.554539008434917,4.579954936847027,1.3351964221717694,-0.27397277411198573,-2.8615926700739536,0.4963333333333333,5.28234431898372,0.8270747888272645,-0.3239727173642848,0.602573513145277,4.643333333333334,5.567562746076509,3.5997017578825563,0.4506533115645084,0.739963119466136,3.266698412698413,12.271991198269893,0.35501183812423065,0.6504087969176453,1.618845878984132,5.21629,4.623559279883703,1.1605742084226378,0.272495419137897,-0.25530522825691904,3.594464114832537,7.910645664412999,1.38069675532293,0.22777550724537576,-0.9863479707603595,1.820583213903743,8.045552644097388,0.397439620238238,-0.3047853624253527,-1.9645449013881766,4.165166666666667,4.904279702029517,1.2486728721448515,-0.1154134211295954,0.4818369811638412,6.346666666666667,7.445132637383585
2007Q1,3.480627791821478,2.2856356329548966,2.739897418811399,2.693333333333333,35.32453722464986,0.30038406224006664,1.0140118635003859,0.0,5.31,2.5456421660368025,4.541271460137859,0.7161598326736573,-0.550207715398443,-3.9793168808047064,0.62,5.4070190083323055,1.757181531462848,0.8731515253399103,-0.5971772958922372,4.936666666666667,1.6580054503799073,-0.9970012497866776,-0.9440090493335163,-0.9248487741656319,2.869596721311475,12.034706693049841,1.091645588242418,0.202388249613783,0.4051566167283305,5.533796666666666,1.9625066637312192,0.7023808430084877,0.19527890876220866,-0.08725347686979745,3.820324242424243,2.927716289202451,0.7050942032635454,-0.5488363642643712,-2.150962561471914,2.107221853607503,4.410949971634057,0.6361785118156327,0.9418268008833053,-3.1853229369109393,4.167833333333333,4.548246851289102,1.3542789333070182,0.0,0.47323178829321577,6.41,7.19424926644808
2007Q2,3.0345134126021023,0.3636361219134798,-1.0416760858255714,3.543333333333333,29.976087061145236,0.6098982910752504,1.8991799532783737,-1.3636157264545368,5.316666666666666,4.869302647878967,4.489310299893557,0.1547948792311793,0.4815970780585488,-3.3155670720671715,0.6833333333333332,1.7304549137032845,1.6786560907831927,1.0576959567802469,0.029673990964873553,5.006666666666667,14.03195852583726,3.1803895304470586,1.339644181687838,-0.5257066610604433,2.213724193548387,10.169775233139044,0.9359329028082897,1.0458663313536398,-0.9132719838041758,5.765530000000001,4.145066873867723,0.6738693063708112,1.3563780067745057,1.2354884408684264,4.064796233006764,6.127996614649456,1.3839695182556788,1.4372622964033077,-1.1642139742043867,2.328141090852133,2.7898345738581494,0.9610896607187946,1.470835460530484,5.916155112856014,4.2375,6.023551685174548,0.624145234719542,1.2622144498773302,4.321118144738545,6.423333333333333,7.077314423817439
2007Q3,2.558283271490458,2.158712183548328,1.9154093944062645,3.326666666666667,20.11322214616759,0.5743731106433891,0.27554872675503717,-2.2757176416154934,5.423333333333333,-0.37557163785574027,4.571303116476514,-0.6582314707699766,0.20569085071775461,0.7618117087133669,0.82,-4.618635773126221,1.1771811786055686,0.667765007233001,-1.4809047216805205,5.2,13.732415830067529,4.6273358568486245,2.2509516611723512,1.0448287820487678,2.26250625,0.3309388857352639,0.9379518737448578,0.040008002133973264,-0.4349814763706661,6.363453333333333,-2.6775445498882835,0.3913740576053648,0.10183876410554404,-0.1487652758741298,4.500496837944663,-2.2268813407971204,0.8711320002690037,-0.4838687093079663,-0.5831395870247391,2.57063412878788,-4.6257800133552305,0.3739808681024748,0.0,3.80967444038971,4.252333333333334,0.17514726625980043,1.1968530285027867,0.6818270356406586,0.5351143120139845,6.72,-0.493536802777801
2007Q4,2.7586465228259804,1.6939261105341608,-0.5149509187272194,4.483333333333333,12.750283572591812,0.6262715510755967,0.7086973527021811,-4.016914490320556,5.023333333333333,0.2195356644018052,4.558218331092299,0.5660331676260455,0.4101167744214429,0.7874304443057589,0.86,-5.4317658039113,1.9499535552223612,0.7250341276965777,-2.705304747170967,5.5,3.9828063063770327,-0.4065864517173168,1.5190993107545125,2.1513549548755506,1.616185714285714,2.894327109083164,0.8416787303248796,0.9554212804811613,-3.0855682922892314,6.346049999999999,1.4117271038572956,0.4988865282347099,1.2773383643237324,2.097834807105503,4.724768393315304,1.361611437610462,0.5738460478043272,1.260956910014066,0.5180618982397078,2.365353487134777,-1.620771705334596,0.13134657640261338,-0.029801818131591773,4.189490117812511,3.910333333333333,0.36777103898062546,0.36533113873069567,0.9019254511821728,1.9183389080509983,7.116666666666667,5.039233516319573
2008Q1,2.521578602987251,3.5692035948086343,4.3504903925963845,4.306666666666666,-18.62007670005604,-0.4276775583267778,1.1303609232606426,-2.2437924498881934,3.23,-10.126913033136237,4.3815681962737205,0.20825127181796077,-0.10237161788086979,3.6261192588595392,0.8466666666666667,-18.511133811811284,0.7511397186812374,1.28069919164151,-6.9977746698462795,5.446666666666666,-13.966915598771868,0.44529255120426825,1.324667058815443,0.800093997832807,1.075383606557377,-16.894154336473893,0.3732946949877025,0.4743091896012963,-6.84641956154195,5.733653333333333,-9.408057685108858,0.6467050230394733,0.667732569646784,0.5060504052059045,4.480003037897773,-14.0886706639487,0.6462599988092066,0.22952426901312606,3.7297195845351183,2.331029490392647,-14.888499047785949,0.07500885026487936,0.3273325344969713,-4.333363534045631,3.010666666666667,-4.44884938886626,1.1035548542818852,1.337808673983698,-0.48648983658212686,7.59,-15.706488896046956
2008Q2,1.8616229246473104,0.14775556158381775,0.17352232335543505,4.363333333333333,-29.92470965576665,0.5936625924384487,2.1715939433519793,-1.0534516611013345,2.756666666666666,1.57637782886706,4.348211286179151,-0.48059804169193754,0.8499116263592121,-1.4199763241694363,0.8466666666666667,3.82625591895974,0.3633378526815001,2.057859909013704,-7.5635906002125,5.366666666666667,5.903936968163786,-1.4045637422935187,2.192854856172577,2.74009870725882,0.4908412698412699,2.851603664321566,-0.5381856401714735,1.8363477538724027,-2.889681366080854,5.891546666666667,1.9196127417682476,-0.48274974709956453,1.642807654791234,2.138213394216315,4.860468253968254,-2.6411706823613006,1.0994587062973515,1.6421214135206696,0.5823399881719205,2.122589640836944,-1.7061462926408921,0.3637006626410866,2.029182990569822,-1.325873579094683,2.5555,8.216853599409383,0.33912818250492194,1.4293835462374282,2.691477652054175,7.8,-0.4136320164205238
2008Q3,1.4591936152150708,-0.23412079428135613,2.8701718239108054,4.23,-28.712572638012972,-0.5266423795603714,1.1563438463941367,2.1198504776617,3.056666666666667,-9.131662865606659,4.487999462830142,-1.1175577348601529,0.9434032233357925,-1.2227280504477633,0.8566666666666666,-7.921519181608744,0.6615306045804736,1.3292643787551128,-2.5103439721315013,5.693333333333332,-16.70245811331109,1.286669641705629,1.3491801571593243,-0.19947417984242932,0.688039393939394,-12.861767908497725,-1.655326513701194,1.1164697300481308,-1.164053258730302,5.83633,-11.097558580698589,-0.5377443604527521,0.29779220147485574,-2.9538073242397545,4.981790764790767,-12.143272853140678,0.5788258617816844,-0.2015032749033807,-2.027349141848589,2.171644908695653,-5.660737336629626,0.8183816320291193,1.0425811205336366,-2.3703557934523722,2.3185,-9.165234063050288,0.7053099826251241,1.193710131896708,-3.895720384061452,7.443333333333332,-11.835483503619997
2008Q4,-0.09012827631065257,-0.9350777284073963,7.776065736296456,3.233333333333333,-25.886100697957215,-2.2133412743351677,-2.8693030251072393,7.662276637846599,2.816666666666666,-31.92240754605662,4.363565607030298,-2.4025594794715666,-0.6729500496939878,19.30132104610367,0.8366666666666666,-38.257552761081,-3.4320440979836775,-0.27050722437778063,-20.647753274898406,5.443333333333332,-29.495257646604795,-3.8148644534027554,0.7488196089914467,1.6312048127953283,0.4406241935483871,-41.25145286444536,-2.1387055611319816,0.1912412133823871,-7.578367452050383,4.584116666666667,-22.94895410785712,-1.7330566387739665,-0.2468868116765499,-2.781746294601639,4.21466866804693,-27.310721814645717,-2.3072730985719936,-0.10101888325610986,3.5165367374522027,0.7395465093240087,-18.828580780518816,-1.1670872740790372,-1.509462622248492,-11.043013735756624,1.462833333333333,-36.817746960711425,-0.42697827110771414,-0.3241523688715553,-21.41055737244315,5.06,-24.854911557494784
2009Q1,1.4931108930211767,0.393783042358109,2.9067463340944677,1.553333333333333,10.058724453615573,-1.1413631359561194,-0.49887539155237803,2.220852471091561,1.083333333333333,-11.704407200284333,4.319530470948275,-4.53660650005796,-1.2570235161787124,3.1539766854145057,0.6933333333333334,-9.309755370820723,0.26337111326659723,0.7198666286554634,-1.64575332105672,2.79,1.3485650147340387,-4.095219584055521,-0.9986144203911529,-0.8645018418187433,0.2023622950819672,-7.939213892178374,-2.0436451940748057,-0.229533383101721,-7.119751509810968,2.088176666666667,-5.30811138278215,-3.1212149037937564,-0.6564814415236597,2.676399958812148,2.01167611832612,-14.15863121185586,-1.6203949796052441,-1.3559858841082573,2.044532550678202,0.105630564021164,-13.693457720586947,-2.2824318541857735,-0.3222501690094859,-1.9184268188991993,0.6458333333333334,-6.237498190695305,1.001084566163879,0.10817277193631014,0.5948330028510362,3.353333333333333,-10.418122028731744
2009Q2,3.18040204883423,-0.7674434228800209,-4.441117897877422,1.153333333333333,21.640900512269205,-0.17881072125049968,1.0547205530594184,-3.1373539421069907,0.6166666666666667,9.753659082456313,4.448438400193132,1.1127938209961385,0.0,-7.378538750347197,0.5766666666666667,15.870514713377437,1.342809403701839,0.9495783900152155,9.347021798132626,2.413333333333334,18.08534602491323,5.443415681100738,-0.9258880439096728,-1.119475507829737,0.1250190476190476,23.492345187884546,-0.2896364281919972,0.914989227633356,4.60109013720178,1.37775,5.406636384405577,0.004486365920541857,0.8380751574389222,1.0542968113488982,1.310636363636363,9.298567927249572,0.31312020376814687,0.905799907596716,-0.25234943053726866,0.08955158898583356,4.574677269056917,-1.0845551451966529,0.8473388900627654,5.3442097406584566,0.243,14.456257670425678,0.6152626769375225,0.4315092317889402,11.376799541307125,3.16,9.605951918836169
2009Q3,3.3773673424805306,0.03136842452509114,-3.682919177672872,1.72,14.836034689101524,0.35057715378314924,0.6767766731874403,-2.8738696528261443,0.3,11.073082841235715,4.421447648278509,-0.6515028559255676,-0.30816665374073793,1.0762936249999022,0.5433333333333333,8.682165178159028,3.0050499277319176,0.5618114812584452,1.3652346607481824,2.51,13.167782273704393,5.2642858697904416,0.856161773650399,0.36003311915502323,0.20325625,18.62956112301941,0.12399867188870317,0.41658836994384885,2.4733113669729967,0.7934733333333334,10.203820482907487,0.37468066551182844,-0.27979161073314884,0.45093297974458935,0.8691745404354103,11.39386198052582,0.8648506283609692,-0.4237677045543009,-0.0754517710372049,0.0730072518978606,11.644584106651266,0.44624336112883967,0.11631289476463635,4.526663164000144,0.228,8.83238380641593,0.3531552215211953,0.9641143413304576,7.084094467460211,3.27,11.980112181692512
2009Q4,3.304614027871855,0.8676796131790177,-2.1148374513165535,1.916666666666667,2.804371485084448,1.0751135382072619,0.2009864756048252,-2.9865750791704393,0.2233333333333333,8.829345325028351,4.483492074362823,1.5927361759395353,-0.5157309007144839,1.0360607020831303,0.5,-1.7764426905635855,0.7298233861346759,0.1469687955907517,3.4640437838457494,2.8,3.41794921048445,-0.029523200529268934,0.3208843679059825,0.39490658716241356,0.21233125,6.715156485697695,0.33281528190842735,0.49010465681185167,-2.979405541684521,0.5952133333333333,10.3836903087155,0.42843590917502894,0.5262310497757383,1.1270713953188682,0.7219119769119766,7.519930480942826,0.596886870445168,0.6958570226519356,1.5354956767427375,0.1063863427128428,7.133940257573121,1.1552007650757368,0.145201129039485,2.669152515260542,0.2093333333333333,5.761342616164442,0.8000926353656901,0.5316331021780307,6.491937108825319,3.953015873,8.760869652851222
2010Q1,2.6535316053993174,1.9187810183839638,2.928361458291384,1.9,-2.442956126821252,0.4833310225202503,0.40061153296209184,0.4613845754037449,0.2066666666666667,2.9765846860569303,4.408465688826683,1.2321959200067845,-0.031385053953147946,-1.2239088384927932,0.44,5.318559073436675,2.315922533194481,1.282302697488369,3.69037703684425,2.863333333333333,1.751820274134273,4.411453747957772,0.6680414616753616,-0.014464453630491647,0.1243459016393443,3.3148891619994263,0.8362173902470182,0.4877143413517082,-0.8851395548723495,0.6304133333333334,3.450164812194443,0.38458563373451327,0.01809659969831401,-6.033057676126763,0.6621355072463766,-0.8885978841222194,1.2019018396598469,-0.06559424478114195,-0.13760531765765194,0.09496012575757577,3.973764178329319,1.2042527730153019,0.492112731454597,1.9452279955631369,0.1885,2.2812852729207878,0.44390234698266084,0.9498687016813889,0.9768157185455095,4.23,0.931587455482639
2010Q2,2.543647853572395,-0.13603698450772583,1.648548290196672,2.48,-10.901231257047575,0.9629349817185329,0.47394724527034526,1.6040933276708635,0.4233333333333333,1.2096343626081894,4.51513606328411,1.3692126051704,0.07017544147638333,-0.6002992952511832,0.39,-1.5301055736388114,1.6027978303229773,0.6371675466892768,-0.006974473430076955,2.47,2.474006561842566,7.43129467352901,1.167252469512281,2.658544770168181,0.1070031746031746,1.4263242159148852,1.1357875224613956,1.1164983863607425,0.5943104876252825,0.6938133333333333,-1.122419276727555,0.9331055061521099,1.315855764831042,-5.149578696019308,0.6862715728715729,-3.813714457591729,0.7782366234305726,0.7767380328758122,0.3640555304359694,0.09586466666666667,-1.9250173177285494,0.5222766292844128,0.6332778792203619,2.4014506739989727,0.4165,1.6374990578450064,0.6206353809695919,0.6282800667413824,-0.45580228757522434,4.745833333333334,-2.8109897505624324
2010Q3,1.9836740286802268,0.5619878715594773,-0.642930008928122,2.493333333333334,-6.012320132245096,0.7681272712873444,0.09320704708812855,-1.3879365102248187,0.3366666666666667,-3.482747878533065,4.346140356109473,1.7097521176606456,-0.5275201260654505,5.426210808581811,0.3633333333333333,-10.022272375540938,1.0116334653987202,0.7669672324291277,-2.9767368017773244,2.623333333333334,4.5969852514022955,-2.0226420548951296,1.1498152671606476,1.7073542894275207,0.111946875,3.8775572378305645,0.5861656559901895,0.2218115512022223,2.597291122412493,0.7325266666666667,-0.8148819036970241,0.4490440851390609,-0.15012334377502157,-0.9001998929701216,0.874939393939394,-0.8952388643919597,0.5012401673290867,-1.0759077618595292,4.477737733276399,0.201077545238095,-3.7245143189662655,0.6976036314576994,0.5437128861657037,-1.4522910058418326,0.695,-0.5703759427371894,0.7004065421764238,0.728029002559083,0.9038774516296755,4.799166666666667,-2.9612357495593975
2010Q4,2.088425786969994,2.1930680249951706,-0.1365357377130394,3.69,11.949954045583102,0.5237363640616444,0.2944822956893134,-4.242307141436452,0.28,9.362653648033769,4.4539596242191895,-0.8627229097413647,0.21134210050277602,0.08323979847251195,0.34,4.989303833064665,1.4016886989742794,0.49684590372942594,0.7908574205274022,2.73,9.135492409298003,2.642638696536004,0.9101648913199867,1.108559567436096,0.076753125,6.630232669018195,0.05054771820613979,0.8823586658515126,-1.9798713026514037,0.7423433333333334,8.050574065632238,0.58315671487712,0.8335459511137344,1.7892075260395934,1.020469257795342,3.6763448508750423,0.7348181877071092,0.6823657019076279,1.6318280160247944,0.2084289703703703,3.261531512682759,1.1155562601844693,0.5691534999788139,0.9723156830208524,0.9471666666666666,8.738160505792507,0.833216362902256,0.41365978910610224,5.204426442576349,4.95,4.472400372812841
2011Q1,3.1274102667254056,2.472769593860935,1.6466177772694657,4.613333333333333,-2.0902376030063174,-0.23748667366900733,1.2568903112602392,-1.2986392387822399,0.2833333333333334,7.882173690609849,4.6260180185009325,-1.4450306730662277,-0.28188884064199726,-2.450289760033364,0.3387166666666667,4.692200042768253,0.9502395097507943,1.8655165260137885,1.0072078621937486,3.136666666666667,4.705226744620397,0.7079469911479563,1.825464873080751,1.7242976936223897,0.05320645161290322,-2.0415565826981807,0.16383924152130191,1.2729759096244742,1.0985485369307213,0.7924700000000001,3.185046217742491,0.9468163040978084,0.46009636994988057,-1.541726402732646,1.09316994478951,4.100920687206141,0.05440610005003066,0.2129945767211261,1.9380518504200417,0.1484923714630777,0.3269345411162619,0.7587100203104491,0.8195608964957302,1.751386092383278,0.9470000000000001,6.372850124264446,-0.2920334371806277,1.4344442023396908,1.2916835136008054,4.930833333333333,1.9932364066533634
2011Q2,2.723001027321237,0.5557512124600095,-1.8040720237713082,4.696666666666666,-0.5706189724962335,0.6743037471831137,1.7282895556373745,-1.7750706787643011,0.22,1.2429704464480626,4.538852304950442,-0.6417221401472162,0.21149109046261216,-2.1706197581472075,0.33238,-6.98832047994996,0.4331279441025515,0.7754614395531156,1.0879590712755238,3.463333333333333,4.057820054941374,1.5486930523493925,0.7341640048055709,0.6808108798280976,0.06048225806451613,0.18805239136287558,-0.047994044295762706,1.2926571377861684,-1.4852414649492829,0.8231733333333334,-0.6264514612076854,-0.0063559528974188595,1.579966656279641,2.982180613389751,1.411630781499204,-2.3814801582233622,0.7977926810087688,0.5768681560033961,3.641651978732785,0.1203212082491583,-2.0441568251360835,0.18135336331566165,1.369692971487435,0.7509880519100065,0.9518333333333334,-1.2806261851340508,1.2002996893287765,0.9113924803715534,3.194009277292764,4.965,-1.559751250559485
2011Q3,1.968589335952764,1.0180815932220533,2.1942846967764496,5.59,-8.63069243894114,-0.022315226041413894,0.4076858151369045,0.6189884386566646,0.2866666666666667,-7.1413139905508345,4.419723751846611,2.3653493155271654,0.0,4.472038012189916,0.33,-3.7879374231424636,0.46146830785591675,1.0879476698592683,-0.00698129014526927,3.586666666666666,-8.87476809207652,2.5672313844614436,1.925274382444453,2.371469876377841,0.04749375,-6.643342033000745,0.17369274183174355,0.5691939949325153,0.1835322113573845,0.8682733333333333,-7.784087436887428,0.021379110157138115,-0.20179535064359655,-1.6524628336957115,1.56205351653178,-18.25018261013084,-0.5096273216506297,-1.0895945302628718,5.362957082095043,-0.01257053217893217,-13.45359133100635,1.358973346239356,0.19414789068870064,-1.2856008101533867,0.8896666666666667,-7.391634856912087,1.384605125881766,0.6030224313085419,-1.4356355677675126,4.874166666666667,-9.764019714177302
2011Q4,1.2277591749560557,0.4707372112977559,4.528746583551868,5.656666666666666,-9.646517052027926,1.1167896810463596,-0.15217149257455986,2.9368864305028275,0.4233333333333333,-0.20146952902818901,4.401992647314759,0.034711554933153366,-0.24678313247354922,2.022240309850698,0.32929,-7.551179839228314,0.6683959882589185,0.15903112188597746,-3.93366133312405,3.563333333333333,-4.509680924030607,0.3231607492823585,0.9077167802202801,-2.087772274422939,0.05607903225806452,-7.10462119829449,0.08277256854869464,0.8125817542933511,1.7253204280598844,1.014403333333333,-0.7242031609729007,-0.30992371651770156,1.053188324900134,-0.4317329965580541,1.495544733044733,-4.712418973679341,0.27745568064947435,-0.15255553147115464,-7.385786272954498,-0.02622619824561403,2.081750983670471,0.7915808051310869,0.27670189209532126,-2.8824453510112313,0.8581666666666666,-5.398955010124556,1.1050564988462241,0.0,-1.8618398336029074,4.618333333333333,-2.0982529637724006
2012Q1,2.8594069641938447,1.6149404803559086,1.7944421094192364,5.626666666666666,-1.510246565506793,0.8350941823163538,0.79249014107452,-0.7405471316588752,0.33,9.473056255650118,4.4652949038568925,1.5085870195117757,0.3523611820483552,-3.405430427351952,0.33137,7.753883875813779,0.9515126958342002,0.94563265870935,1.330876405324588,3.54,6.33845114549651,0.29278057073831576,1.20688707137111,2.1465075107260922,0.04686290322580645,6.807028006390878,0.9391451380926341,0.3863042556453422,0.5457440711394312,1.065716666666667,6.947066811361662,-0.23416665229483158,0.21000093783527518,-3.8692745149871755,1.042989177489176,8.243290904559494,0.4241384206755683,-0.21461564241613829,-0.7094624352666834,0.03648967857142856,7.776600876463194,0.06311038173398842,0.4686431733627927,1.617547533949093,0.886,4.174453834751112,1.0355533103250103,0.10015595477286254,3.497598620869713,4.4075,1.3706000264438671
2012Q2,1.8861617941939635,-0.37037350831665705,0.05710696289060735,4.036666666666666,0.39469110039462124,0.4453416258114018,0.824126467813624,2.116975630930451,0.3,0.2194475023131789,4.430856480595665,-0.9310462775571793,0.07032349094302504,-0.4130594032774937,0.33263,-2.5974526050816644,0.421294911689607,0.20711364252301578,-1.0516934680556034,3.54,-3.207207732117752,2.8064607844903833,1.0897494179744172,1.8070930905710547,0.04661746031746032,-1.1360146730422014,-0.05302966933316,0.7333715425470899,2.3703286730425432,0.9908999999999999,-4.633590729464266,-0.3619313456090012,1.3696270933984067,-0.06946856826788306,0.6960273410799727,-10.359812651717522,0.23403740891785318,0.43257941292882407,-0.5337153389467275,-0.01970342701525057,-2.4989142008449186,0.3245438540098178,0.6305709721837971,-0.15522550955680003,0.951,-5.711276030853366,0.7152583329370188,0.4992519018178321,-3.2960711873690762,3.783333333333333,-0.9291246875990337
2012Q3,1.168780098689659,0.16472142436958492,-0.42718807812809345,3.723333333333333,-10.089390321348429,0.14392437748540488,0.2190879749141672,-0.10056518476622145,0.2666666666666667,3.7655486630196617,4.326205561489269,-0.39618450792229254,-0.5993319543967424,1.2797926766348944,0.32727,-1.6698163746251726,0.4448485340091679,0.28539702602952133,2.0782574644780283,3.223333333333333,-0.4182394680879895,-1.4061973818238371,0.910503598933321,2.2741929663190774,0.0742952380952381,4.902827246735491,1.0309396497793166,0.277970992049692,1.261896281272179,0.7233966666666666,3.3405058667274776,-0.12662978196447128,-0.11200680000014174,-2.4792720185436323,0.3585789196310936,7.504408208402562,0.8469028211266938,-0.593092746817625,-2.0663315258556025,-0.177094597385621,6.606430057825147,0.13676090969907406,-0.1641138223924976,1.195418982516916,0.9656666666666668,1.570283770826816,0.6110296084910871,1.384783315950422,4.232338342794506,3.550833333333333,1.6977754693904719
2012Q4,2.278932035771586,0.6720772190504043,0.8260262798938989,3.856666666666667,-1.358836619087107,0.1155737409789026,0.036033976522187317,-2.119128371254586,0.2333333333333333,1.1339005059295002,4.373154056170283,-0.054781776425016915,-0.07074637719899357,-5.552634010299684,0.3175733333333333,3.8358813115452217,0.7417494623743082,0.2628893251499065,2.6387309270703874,2.886666666666667,1.9742221581094135,2.944375026312507,0.7109332980077987,0.9009772106865377,0.05891428571428571,1.2301955836911376,-0.14447847629828203,1.0012167186156162,-0.07860029015160919,0.52899,1.7435164034686943,-0.4428812768681567,0.8218529391021967,2.2573110521617146,0.1951289092295957,5.783005252960509,0.06979452797883923,0.030670861782944314,0.2675796081614834,-0.08657603947368435,5.246887973378446,0.2055875476624891,0.0,-0.6558445238625588,0.9636666666666667,2.6371910502776674,0.4408570128657807,0.19626800372769537,-1.5507360579903207,3.1725,5.178617832895187
2013Q1,2.514081265517465,1.967338067133273,3.3548936346910807,3.666666666666667,10.879373306131388,0.9817259265932243,0.5885942561821622,0.4348011280031372,0.22,6.570135280455476,4.4154211133653405,1.2692683297020224,-0.07079646313403742,-14.219312175382548,0.2703033333333333,21.45672643866743,0.7900151515078946,0.7899285189914451,1.8241748834519456,2.833333333333333,2.300567572864566,-0.9711595657206473,1.20918543188262,0.2541691282147873,0.04583333333333333,6.2509688265617465,0.26494794254148246,0.41138213656219946,-4.027303742665911,0.50968,7.529124056362653,-0.3243403151452995,-0.22592783294568264,1.2327523528096407,0.2114363636363637,4.888048681849293,0.3674479959062005,-0.24450560632836016,-0.8188912386908775,-0.07705006783625734,10.606510322845237,0.891135893719941,0.43703975599989064,-1.8443861987372578,0.9433333333333334,3.7138217428065854,0.515670254846956,0.3913841401363527,0.39379756186219694,2.996666666666667,9.25531137144439
2013Q2,1.3999108044035147,-0.44133062650884014,2.2975354715314644,4.706666666666667,-5.7789751817055475,0.26727882661035096,0.5395225678791249,1.1718884113213868,0.1966666666666667,6.099963311660078,4.46896856480769,1.0205668507986765,0.4592836195718597,-6.082956084779045,0.22818,17.41688379432846,1.1236703547852223,-0.12996479855607035,-2.6252194789201155,2.736666666666667,-2.6962852785707465,3.9369478177389894,-1.2147605001786133,-1.3181251250551362,0.04651269841269841,1.0256500931187573,0.6629132870608068,0.6479136050137058,0.268149277744989,0.5063799999999999,2.0616502301592163,0.650393170065211,0.9107010770591728,0.7571343524801044,0.2067940115440117,0.6457594371987923,0.6986343261653261,0.38252356661097053,-0.4348137855566314,-0.0612493961988304,4.38914613237293,0.5742367405963122,0.4893973878862923,-1.0694121996167816,1.001833333333333,-2.8622544590063455,0.37749690010002723,0.3898723061602105,-3.6705448096514104,2.88,0.4711379700530882
2013Q3,2.0842942508461526,0.4987371099002047,1.2708641578298874,5.356666666666666,-5.015656971535957,0.8477896550846076,0.3772667943692909,0.9621846006584889,0.1233333333333333,3.9907861518519496,4.4826258332299975,0.9443556978601109,0.5623916404648988,0.5180169611365137,0.228,3.7306153255223906,0.9980180795396087,0.4337530683842239,1.8899721065367636,2.666666666666667,-0.7726875753568858,0.026667485298403903,1.1179318281796746,0.14418709202734803,0.0400078125,-3.9417498260854673,0.7631807124955259,0.3054473781556766,1.0396117153704587,0.51298,1.4596660500253742,0.29863163572256823,-0.18080765656982578,1.458843326495618,0.2235121714034757,3.37235375711987,0.6894864652575272,-0.20296944130189232,0.5012717533396049,-0.05585453062547674,1.2562682318320575,0.8189494071375591,0.2167435148157537,-1.4225776814682511,0.9973333333333333,2.174147708614745,0.8199253488888836,1.1605513247179289,-6.5437857715338055,2.646666666666667,2.5585978638377234
2013Q4,2.3429507864289434,0.82838943910577,0.2402488436536565,6.176666666666667,3.742978542348535,0.8679640244927178,-0.2794577658344899,-1.5260691803230308,0.1266666666666667,5.52316630218502,4.300002799195291,-0.14075890288420823,0.45462571746170966,-2.369245888863336,0.2203333333333334,5.7260490573984155,0.8723570235467548,-0.031124507223090347,3.290002537539305,2.653333333333333,4.6661138222079925,1.9736493039195224,0.8860579250717926,1.3007807496181911,0.0642625,-0.2934826791142437,0.6572737913189464,0.5744229344331941,3.042979623807174,0.5216033333333333,1.2556241815887927,0.2049988403630465,0.2944820252131386,1.482074006547851,0.2409023464458247,8.04714035032175,0.23956792166783814,0.02850195495476271,1.0815803848704064,0.005470020370370366,2.0815668450613214,1.0411308024024457,-0.2167435148157537,-1.7568929671665678,0.9221666666666667,4.81781690183855,0.776691173374644,0.7662897062057361,0.6776611271294364,2.586666666666666,3.791448376139227
2014Q1,1.0377909077925906,1.330030234233881,1.8495414035684554,5.579999999999999,-5.486460961872685,-0.3456928151375216,0.7583398507978067,1.4057997623620366,0.1233333333333333,3.543322540557132,4.487737089095996,1.0414676825313052,0.034885749525237486,-2.347867652389457,0.2146666666666667,-0.0563637479149062,0.76411116765005,0.849398168435922,0.4288454154319332,2.65,-3.1950548537193058,-1.7470113716576918,0.20549221038459464,-0.903774960819792,0.05561774193548388,-2.161587167182707,0.7978841805322823,0.10102711753363636,2.357788719887033,0.5213433333333334,1.0048596554334563,0.4668428963556792,-0.39842691025739896,0.4535726561474718,0.295159595959596,2.370038439210946,0.644435612562333,-0.23608780494619452,0.8644644077004493,-0.04376566904761903,2.7398872075659395,0.1688516582263766,0.8910549033047666,-4.496668370916712,0.8688333333333333,5.335709170986515,0.7766912654639135,0.5708916380100959,-2.6747678596962032,2.633333333333333,0.6511487213053891
2014Q2,2.472836247565713,-0.5414584827899915,-4.662394593239938,4.576666666666667,-0.2801603460683355,1.2835690222452456,1.173949976842703,0.12828223847813902,0.1133333333333333,3.538440730642208,4.519684916630871,-1.4504849279946441,2.4462890850452723,2.6487806481815035,0.2106666666666667,-2.1171235566816207,0.9448749693348191,0.3428408830817631,3.801216499933613,2.65,2.4035381162588694,2.9987359711977746,-0.07130903023799817,0.1745581940076235,0.06964838709677419,5.2229263947767475,0.9364491962920773,0.6374790922123452,1.4802027013237407,0.5326766666666667,1.2470847218050014,0.23171029965958212,0.8352034652669538,-0.1289328627172459,0.2985833333333334,3.8961101666435094,0.8933043229279569,0.513318219297787,-0.058314039899620695,-0.02441765,2.555352081435633,0.9074258237110833,1.3086045999942897,1.4961846393376277,0.9286666666666666,4.7977390966325295,0.49709199637240076,0.4732614177289207,3.7484452246748567,2.69,2.4440665088437212
2014Q3,2.032438543331949,0.2710938251453854,2.3034061103412995,4.493333333333333,7.435778139797169,1.208064833073319,0.11461014195131014,0.690690439170627,0.1266666666666667,3.9000636282757553,4.90961104225483,0.1955903267621295,0.37370520814530295,-1.3612969238260497,0.21,6.0395436335563515,0.25725911460048323,0.21050482998363762,0.6664269883583707,2.506666666666666,2.398700140725144,0.3645811287046996,-0.003898133963708972,0.17114500155548384,0.07675846153846154,1.6503421783440548,0.8107372670233204,0.16708441648178862,1.2174793539451834,0.56017,-0.14336430820708487,0.4869288718350795,-0.38666714842570116,-2.8794124104353003,0.164568605307736,-1.3143180407756905,0.5967206386127799,-0.300480529551006,-1.1248867795520923,0.0321111111111111,0.6736107172077838,0.9540091759219216,0.07956504862125513,0.4918591385540516,0.9418333333333333,4.38596679199748,0.3997583001530636,0.4710321999204403,-0.01677523978544926,2.646666666666667,1.3142357152270923
2014Q4,1.510209358529746,0.33784176211568706,5.560052617786759,4.566666666666666,16.885526584358335,0.5044586016846431,-0.8065960137095374,3.1757401626750337,0.1333333333333333,1.8097283880283108,4.440963558619308,0.5762869551868555,-0.3056548482548216,-7.452197266737226,0.1843333333333333,7.086268013060103,0.5310816510002425,-0.42464260057508696,-3.1205575630121274,2.16,-4.699633300703399,2.7892731279184346,-0.1580022605070397,-0.5768377312461936,0.1163492063492064,-0.9849548068767761,0.6577324228350001,0.1334668199460154,-0.8981827395223796,0.5576066666666667,-3.3454173079858815,0.37271815472585956,0.10347993913457643,-1.6753874023593518,0.08147115251897859,-2.1163158689215216,0.529336139799863,-0.10991674071663127,-0.9658541933490916,0.04055431547619046,2.4402185660198277,0.6887899991369295,-0.3718463779937231,-2.653643192448296,0.8995000000000001,-5.333557401330889,0.36695523304093314,0.18779068858023606,-4.489161079215354,2.74,-3.209272705162717
2015Q1,1.1371321945315316,1.0734720686600419,4.468221193352306,5.19,23.981334697474313,0.8964547874335871,-0.5446796919629016,4.870756846160873,0.15,2.523377796175607,4.694858532251619,1.598118561190276,-0.23837913552764434,-1.0998387803176968,0.1713333333333333,8.434544716975942,0.8607433164209866,0.5653205928652483,2.9188874143084576,2.066666666666667,0.8559143928382439,-3.2228549961484276,-0.08749624597790273,-1.1764101449178277,0.2217852459016393,3.4142595573993977,0.30319488418326657,-0.5349394234261062,1.9182669045346046,0.56353,3.9167558504720765,0.757410492777133,-0.8813286944474363,-6.627013852252528,0.04601616161616163,10.205094234877526,-0.17932675698419942,-0.8390523550951379,7.565342450604451,-0.6268364305555557,-0.0495041342683933,-0.5583347719227305,0.05320564105293357,-6.27156055174698,0.6166666666666667,2.078173095894876,0.9650632790676461,0.18743869605906127,-4.540932660129471,2.453333333333333,6.592169786679071
2015Q2,1.9958324170880282,-0.3342210174229088,-0.21198016609780268,3.52,30.01201446632197,0.6174946577616858,1.1983862264537848,1.2368132268415266,0.1533333333333333,1.852182601933586,4.478699521934143,0.05956112510752121,0.7472860862748121,-1.597834231855888,0.1693333333333333,9.811166159056054,0.4291434474301248,0.21047082120588811,0.24258474791798434,1.77,6.426264473823563,3.1453222521525603,-0.16700207842870185,0.5207112357162202,0.2376935483870968,0.8150725673029775,0.4555112192639932,0.6016060925618127,1.5254061642444583,0.5697866666666668,1.9397365346213502,0.41706820517761756,1.5894551262720213,-1.032869710741302,-0.006525837320574167,5.2593104862995155,0.16139882599564004,0.12925975358974995,1.0405652139072963,-0.7561364166666666,3.9163222880692072,-0.2733677679263913,1.1371271544319939,1.3024672054068098,0.6285,1.6145843240030624,0.11810780329364334,0.6533025422575278,-0.5462314499038889,2.183333333333333,0.1422523074660368
2015Q3,1.4381037298722532,0.7005829907043015,1.1953224873590962,3.14,-24.1090750162693,0.3994462116698294,0.2623329797946994,3.1304421096427504,0.24,-3.677232237303564,4.564556503102795,0.14702727806019666,-0.10157441198357375,1.2063141926880405,0.169,-3.227216471316599,1.4726757616873698,0.293145696101238,-4.54806686226048,1.63,-5.488245343394,0.8781383880776872,-0.21395076323811324,-1.5543532604314514,0.2256377049180328,-10.761014621517882,0.3869912405170872,0.1332001528941973,2.312092309816016,0.5844333333333332,-7.947439160086062,0.4382966452413761,-0.4315932465568828,2.062146407111509,-0.0278170838823013,-6.8360475960806175,0.6913456813539831,-0.5638814826762761,-2.138041606857488,-0.7605772222222223,-1.8413858249798725,0.35745787664378526,0.3674544816969494,-5.050864705943603,0.4183333333333333,-7.660763460366499,0.9695555691127566,0.46403770752236895,-4.709457498420999,2.15,-6.868372423418193
2015Q4,1.2827954192261792,0.0,-0.22900773367275917,3.073333333333334,-1.1469268645106725,0.1843091730177271,-0.45085852903810064,0.8329007030043911,0.3633333333333333,1.3253517997665114,4.869813901813298,-0.19235234296193227,-0.16952029826686754,1.6334534638374976,0.169,-1.8674667085297196,0.7698804042518326,-0.1533115769848159,2.0082174483208703,1.613333333333333,0.8153136612347267,1.3539273950970099,-0.26238074378985843,-0.38116027633261496,0.321734375,-4.799530913886133,0.597471119608084,0.16625107736123468,-0.7008975071989276,0.5788466666666667,-1.9993427276615752,0.49465688817909026,-0.029948588480621652,-0.17779021956734198,-0.08917604617604623,-1.5009256299417602,0.7394299989501363,-0.08922297371354304,-1.455629777420775,-0.7553489444444444,-2.466680393477427,0.06625012888514803,-0.23606568339733514,-1.487411220341528,0.4463333333333333,-3.9734028980877865,0.618769202553171,0.36968067621634404,0.7263176292830131,2.236666666666667,-3.1237182370004337
2016Q1,1.4609381092475004,1.71395455540706,-0.14658553977504596,2.97,-18.380832377875286,0.5778466522051495,0.06461318698960383,1.6692685989181832,0.5533333333333333,-5.241548823586916,4.70555836001936,0.8647128562367712,-0.442102403476774,5.586304540991005,0.1216666666666667,-12.293163292002115,0.38423399997489227,0.5053531496829855,-2.9677906903858187,1.646666666666667,-3.8594523531027596,-1.9104286857427155,-0.2011791901055382,0.22758973168981456,0.2988737704918033,-8.181976403675167,0.5021392726357377,-0.19953448588951872,-5.791386036746715,0.58958,-4.613544440714088,0.48124950834953495,-1.0875310050483478,0.8096928846811124,-0.1860817460317463,-11.415188751628676,0.49417835686185185,-0.4664392376223958,-0.08668111894634123,-0.8028921333333333,-9.002156075544185,0.5899402235597151,0.262260837443673,-2.1366600534673097,0.4508333333333334,-4.8714921493955945,0.9123017275418199,-0.18466950845246188,0.26223232168200994,2.296666666666666,-3.5778947332428332
2016Q2,1.53602898507188,-0.32733602442052145,-3.759438152286343,2.903333333333334,0.7899575793369562,0.3206095663631281,1.1655317690629552,-1.7599209533707416,0.5566666666666666,6.2988217292895925,4.476275645576989,-0.34240368340086036,0.3402521145839721,5.061822840521479,0.05966666666666667,-2.6495023773811828,1.2456670320212027,0.19159667967070249,1.0484460446098076,1.54,2.871047080914614,3.0070472666579917,-0.2458220390295196,0.654233293023232,0.2188203125,4.0520133660200335,0.732871411890379,0.6635724415398059,-2.1993045233807074,0.58429,3.555593839869399,0.18268809579122802,1.4231073644845438,1.3817501749914918,-0.258093795093795,0.013205434540305608,0.4756763306962952,0.7300920169669212,0.1399860242597306,-0.7436316666666666,-0.8478196105998509,-0.49937875093100104,1.1458458702766627,5.965930865826596,0.5099999999999999,7.9349044349582565,0.6565006436038523,0.3690118803337583,1.4710343569492856,2.083333333333333,4.527475751822867
2016Q3,1.8300229910972021,0.22924767428165183,-2.7152507942625803,2.816666666666666,3.797842507886344,0.7068859182686182,0.33212977899532703,0.9374092183216831,0.7000000000000001,4.07794272644549,4.663124579248651,0.2245363938079059,-0.2040123114944059,5.371573105152372,0.05733333333333334,0.539891497741956,0.3859735840064715,0.18844631462160422,3.9259940774086566,1.35,2.3595176269062277,0.98940170946058,0.3257910011538634,0.38415794525628044,0.1430174603174603,2.0667647666096665,0.44051049888551574,0.3960401216096976,-7.867578744099468,0.4329333333333333,8.638211151094957,0.4839890709583017,-0.0597232839013806,-0.4310351501121801,-0.298125854821507,-0.01849542341310085,0.421878688520394,-0.3504392444943605,-0.0466402380443931,-0.7566666666666667,2.6590454649085307,1.0324358028662495,0.051773234394936196,-0.9867277289044019,0.5036666666666667,5.197012613920546,-0.00938371227148238,0.7339372890984741,2.4220431893788863,1.806666666666667,3.69651588218703
2016Q4,1.8060888714074963,0.5220259416128137,0.46164372549277743,3.676666666666666,3.6029946852279906,0.552768528731562,0.222326867723055,2.9822471533348605,0.7666666666666666,1.0823347998238708,4.502952873435798,0.01573307373208266,0.6107925334269737,-4.171031625197408,0.056,8.347536238340718,0.7674856031500532,0.5562963646293717,-0.6124184207751959,1.436666666666667,-0.6971145521765204,2.9779138613111655,0.14834433552408655,-1.95187459262689,0.135696875,-0.18615171401813985,0.6170869371156407,0.6566011770891222,-2.648172130529769,0.3891633333333333,2.358435058566917,0.7678835375261706,0.4404491083785267,-0.5810671509155263,-0.312481240981241,3.868173366691024,-0.2604438494214989,-0.09955509833741161,-0.22350850797172583,-0.77,-2.2260183248487917,0.5594544060168793,-0.07766990681723485,-1.3716109429588563,0.4816666666666666,2.3347956970552466,1.1591919259554828,0.546952559669478,1.5877461031712947,1.76,0.3327034996048503
2017Q1,1.689246501417152,1.003728164597728,0.07109366042454823,4.98,1.5886885993367679,0.4857087330534249,0.7876270218069692,0.7618320727623917,0.9166666666666666,6.170788944777214,4.6572881402501976,0.7255760331681849,-0.4067802219325678,-4.7079200256636256,0.056,7.038021111488686,1.1266222032438655,1.2398679263892376,2.063357762172391,1.49,3.916971753610569,-2.497169742188099,0.3967317065371567,0.10980139969625213,0.2420428571428571,7.238573379174368,0.9494501894046437,0.4244904333324584,0.7472185580417623,0.3548366666666666,4.865110137376154,0.8100010722865925,-0.08264326679858769,-1.6620110671898836,-0.3278310935441374,7.704999695834472,0.06337644712735013,0.23962358648894622,0.3966341338475843,-0.8495927222222224,5.975707051895356,1.2503564171923998,0.773997672031701,1.254499673881071,0.471,4.040444444273215,0.311398257991069,0.45351527953672033,1.6908398145834447,1.783333333333333,5.222063895496737
2017Q2,1.4055993081905527,-0.2580674172466324,-2.5292643667810033,4.796666666666667,-1.4172589017250259,0.5583111017628539,0.5420459785910658,-2.3372001724114355,1.08,3.0621686673684105,4.755972408842453,0.32102099683024576,0.4067802219325678,1.0655258108940302,0.056,1.3521609455682548,0.7230660984135717,-0.0810410224747038,0.12775174280204027,1.4,8.446873041584881,1.969348789152825,-0.09952549888776474,-0.20678521100290226,0.4667704918032787,4.153672266297045,0.849504529420475,1.0695289116747553,1.3499509689230749,0.3134533333333333,1.5418723683261533,0.6525338404883563,1.2129329409099832,2.0612131941435408,-0.3299478114478113,6.028630815335588,0.81259901460351,0.5810386625108244,-0.5169349002358103,-0.82094245,4.5801005031084,1.0470523838534973,0.5638149225858591,-2.6084277727473903,0.5373333333333333,-0.4375580902651764,0.5966646321998503,0.18082917916109054,-2.486132981587197,1.74,1.273894899135357
2017Q3,1.1798830385897574,0.32248034505348855,0.8743036254768022,4.473333333333334,4.340406384703578,0.7854315256930811,0.39583124482209797,-3.5408987427728356,1.24,2.9405717623683643,4.778759281136139,1.1314903937997833,0.0,-2.6716292255511753,0.06233333333333333,1.9140193356266586,1.3624948971782125,0.4787955670567001,-2.401401123016189,1.386666666666667,4.601225994311486,2.4587131558543973,0.0,-0.0032344141669859994,0.713084126984127,1.7168626693883793,0.6744763020805067,0.5144705881238387,-1.527680183797564,0.2944666666666667,-0.04761503400481184,0.733145643682942,-0.10460593938725893,3.4133928392580337,-0.3296321601104207,-1.8896238215636094,0.7764422457913867,-0.24093805711187244,-2.211043418758507,-0.8220277777777776,1.2735708295195727,0.03139721102618509,0.10217114554196272,5.286901263336308,0.8106666666666666,-1.9372517495283021,0.9431964018199679,0.6303458812059404,2.679174634573389,1.706666666666667,-1.5162016335701898
2017Q4,1.4496981339171988,0.7377782713938075,1.3431277936361674,5.003333333333333,1.965180827261526,1.1207427772451872,0.36994449699001564,0.39108655501634004,1.373333333333333,5.412990913941183,4.487812060044789,0.15574028085865166,0.5734540930005139,-2.053388774672804,0.063,10.98248758912805,-0.21786404221115774,-0.20686689345872367,1.5351074534236453,1.496666666666667,4.478431798765445,2.186277052105723,0.16177652128623876,-0.2266693542227749,0.8200730158730158,3.4719532439139935,0.7477389731984196,0.7349449920924123,1.7296188630840703,0.47305,1.3079585721461395,0.8109912279135045,0.3786770431116082,0.09621287008636514,-0.3288133971291867,3.1899315274084383,1.0006891721861422,0.17953314208973836,-3.0191758130674984,-0.8987109814814817,3.1375676458420645,0.5060781224205613,0.3313371197474879,-1.3334806965359824,0.9333333333333332,5.143847682520494,0.3984881955716446,0.6263973980155768,-2.72489867554615,1.73,3.789221517631998
2018Q1,1.9809077226831562,1.301808466316423,2.0729438244865506,4.713333333333334,-0.674767326253547,0.8101194546933144,0.882215390667973,-2.8064385294546135,1.83,4.781990008420602,4.495652894748741,-0.15453232631248426,0.302267232658604,0.8403705047218324,0.07766666666666668,0.8033291419298557,1.4325941061806624,0.8797103099037251,0.17260592086820736,1.653333333333333,-0.9699248767087163,-2.3031602158789966,0.17987937293817424,-0.7386110660706713,0.6587725806451613,3.3248453314134214,0.07848112055999223,0.1272669595894449,1.1566232901543572,0.5659166666666667,-1.7518314778886923,0.044929951817618274,-0.22834039148813545,0.18552881017468437,-0.328286435786436,-3.4698506753735328,1.2619628074721945,0.1990374413186835,0.5901587367899808,-0.8461169000000001,-2.257493454744201,1.1558144499456802,1.0378526267944999,-0.7446242802635616,1.1405,-1.5926388128230524,1.0259206733031156,0.44503836875611213,-1.2023947082445474,1.83,0.4421072411706235
2018Q2,1.5556017778879827,-0.6646610604611247,0.22585368973562225,4.513333333333333,-7.8131926846899455,0.5294212305685164,1.0277758102867018,2.876742244386321,2.183333333333334,-1.0824912341279358,4.767572442013112,0.6285003443911918,-0.20140993717010502,0.14285965599762918,0.08433333333333333,-0.1158390394075087,0.7863278298176901,0.3298444417858093,0.7777279061879305,1.65,-1.3253133657050946,2.0961138171978533,-0.01562884619321636,-0.08494789284636539,0.8747516129032258,-0.8032724313062966,0.21732651487731403,0.8863622448655128,0.17931268294493208,0.6795066666666667,2.6581219330480814,0.5060781063272124,1.6582301781784992,0.6532305238071245,-0.3252416305916306,0.2331246603113314,1.075990163590479,0.8406100968736396,-1.6135931349598565,-0.7922965976190476,-3.936704509093218,0.7770116459393961,0.8026127861322507,-1.0865428950181055,1.216166666666667,0.8536371464209682,0.7394765925368141,0.35461779476335664,-2.3605442248623376,2.03,0.6391646365931546
2018Q3,1.7574674107013522,0.8852401494720219,-3.5765736966791195,3.426666666666667,-10.923783497163145,0.6217604825734746,0.3267332129822442,2.69715104946453,2.2,5.324519845338769,4.597876988493949,-0.49071673389438075,0.4358766330955888,1.379713789946635,0.07733333333333332,1.4132046354791266,0.5457247536701182,0.5324722394204784,-0.071585306282973,1.65,-6.18484696652529,0.7842379064994631,0.37091611116215617,0.6775711635199855,1.201149206349206,-6.98680758415029,0.3165628490656047,0.534340419569368,-0.9433246065448486,0.7841033333333334,0.03188973350695354,0.08492323572575344,0.2950706140384618,1.089082437239508,-0.3195257575757577,-1.6862978875244878,-0.35750379131194165,-0.0920661793123223,2.606857613361413,-0.779333569023569,2.7465326885819676,0.5031549107219924,0.47352113400238593,0.25806465934916645,1.460166666666667,2.6792796341405603,0.3767430892634316,0.44150159629952057,0.047382137820850545,1.97,3.808549878266518
2018Q4,1.8192818974871017,0.6275476670658975,-0.037829937687750004,3.486666666666667,-6.035064465667336,0.14154399831447506,-0.05751127081925489,1.1359507246240241,2.54,-5.738077991801554,4.473693823199706,0.0697850371829567,0.3340016465070761,-0.10995431132174716,0.05000000000000001,-3.41857407567122,0.536480520087057,0.028828490793486594,0.3108681936475399,1.766666666666667,-8.629595015137097,0.5485469025165557,-0.04945396306856864,0.15247119788899255,1.4195375,-4.7101310881325755,0.12966779292273856,0.5315003914264871,0.28760637843898706,0.8618166666666666,-7.679977128481215,0.5330942479654155,0.17278898449770708,-1.1351305254129862,-0.3153180084598847,-7.842813712220131,0.30372610058542193,-0.044908885251171426,-0.1804929334154437,-0.8073588095238097,-1.62833907832133,0.23529161897606343,-0.2988050031983214,-0.792641141888506,1.6775,-7.999411453775155,0.254608430595038,0.5272341534078961,-0.5732489688189624,1.963333333333333,-7.779247435659643
2019Q1,2.00255807527423,0.9649879195071875,2.7112598420241163,3.076666666666667,7.160385109517034,0.6223772905576297,0.33455577181262797,-1.2112287435766866,2.52,1.1111192650794743,4.486949554600661,0.12900245385960574,-0.2671120119060788,0.6271761737521864,0.03666666666666667,-4.184356523497482,0.03305069995942489,-0.3501913177128557,-1.854573547464966,1.88,2.615877475245046,-2.1327565134582116,0.19183818325574364,0.2816219389832675,1.511665573770492,3.8387356089725557,0.5025711559754953,-0.15603061364943827,0.7452541396435919,0.8780666666666667,1.1602884509319669,0.7416433956863422,-0.7026128136077503,-2.471399721170364,-0.3085468253968253,1.6284791534822003,0.08599840931653446,-0.08277102654119517,-0.45615274874668543,-0.7795654497354496,3.6178531845030566,0.24037420742493154,0.6215060403435224,-0.9681705311773925,1.653,3.976165343887341,0.7226450081725844,0.0,-2.2386957322711787,1.953333333333333,4.2424263391983255
2019Q2,1.337057080452464,0.15477648492634444,-1.1989501381404644,3.25,7.403971025311716,0.8316777934060049,1.1913879322039023,1.2585628216149836,2.403333333333333,5.739743055834554,4.57920259429051,0.38969520255021095,0.2337620032594856,0.6707892424905104,0.04933333333333334,1.9560221640212188,1.344175818719684,0.4389710710410277,-3.079240921405013,1.833333333333333,-1.0836172648607034,1.8675499676929164,0.2682668513645403,-0.30431568695314937,1.6862,1.9589665371248788,0.21301021043731438,0.9944146580391333,-0.4651325705380849,0.7999999999999999,3.9528195868820037,0.34414067193608844,1.6349834125615637,0.7893496134993683,-0.317071212121212,6.089426500130719,0.665638083497555,0.8650912931759791,0.05931301745683015,-0.7677725,5.562347142152912,1.0888156485860279,1.3294139660592563,0.17914017529534476,1.672666666666667,4.470611206049673,0.305231482733781,0.6116324775339521,-0.9726560133753281,1.503333333333333,5.990446864779229
2019Q3,1.1866896467054744,1.0767655903950235,-1.529509862167533,3.19,-2.8907978533843526,1.1632102574601788,0.27379085837582195,0.8683122573461155,2.103333333333333,2.591370134266844,4.561879869889225,0.05028549509766833,0.03335000864659321,3.192790816926916,0.02233333333333333,-0.678835898106841,0.2701766772064573,-0.07302815928458273,-1.9426397821758812,1.57,-5.379189161554051,0.3285250541305018,-0.0566216294232369,-0.6440512780890195,1.5162265625,-1.594712628154384,0.5491175152446459,0.4011731965793963,-3.0738358078996164,0.7666666666666666,0.01777170294529918,0.1904081143957015,-0.14580496418048483,-0.6343473922174603,-0.3967076039902127,1.2364765597185048,0.2997931663874631,-0.4784234453151903,2.08143095775446,-0.8129166666666666,2.2766042759202136,0.27923283768442886,0.268653232775673,1.8130361630957381,1.638833333333333,0.6728384377428931,0.5822027145543807,0.5212917375237325,-0.9656497546360221,1.023333333333333,3.7625973701339355
2019Q4,1.4536027084810499,1.9394585127489705,1.2920606325557138,3.426666666666667,0.7650389486231756,0.679563596942856,0.21279143577448423,-0.6859475450243124,1.803333333333333,4.231213629035057,4.4034619153939465,-2.9203510268702715,0.49892004374321175,-1.8645620129470686,0.016,8.018337180769429,0.950218711764883,0.2794293431781725,1.0385751883049466,1.503333333333333,4.394299906426409,1.567611550452419,0.22822965382687244,0.25095751784220965,1.230065625,-0.8346978231229877,0.0059651013442518774,0.18461543705052819,4.193126915748024,0.7866666666666667,-0.4515133386738027,-0.106950035020148,0.2154626942553861,-1.1343556834170876,-0.4029517598343683,5.456948897573797,0.20559266420789868,-0.38045351211346556,-1.254721605208875,-0.7329669696969696,3.862761661868788,0.2851063596016168,-0.14644864711641503,-0.6793193764951688,1.658,1.8193943189348596,0.588966440943306,0.6908387225230683,-0.4480814706144365,0.8966666666666666,1.2149640261893695
2020Q1,-6.25245940187531,1.6667162600346508,3.0404188141320176,3.066666666666666,0.19843457758864955,-1.3250619705475586,0.4185502769382232,0.7864265031380491,1.53,-0.5568635194179686,4.591476858856089,0.39240305170489265,-0.09958507047063136,-0.6855095899363839,0.016,-4.949600245406174,-1.3763560763393912,0.31663387207716553,-1.66225356525187,1.373333333333333,-2.9483770174631974,-2.401118372319111,-0.06814310314791072,-1.8728369713977067,0.841168253968254,-5.6960366814601455,-2.78328507748693,0.06146281693188982,-0.3628929820434834,0.6733333333333333,-6.38885806712806,-3.267642710439489,-0.5968271684142046,-1.343912715257467,-0.4055409090909093,-6.039832918078224,-1.1451336497252385,-0.13243567444858328,2.4972688246372776,-0.7133991666666667,-0.588799707386379,-1.9691998904621144,0.3413804827213873,-1.6387851471886705,1.317,-3.3675525709280985,-0.21924810055180544,0.3436378469914736,-3.734761403664688,0.77,-4.106180053508984
2020Q2,7.244908920686033,-1.9973979771791939,-1.8520587235114405,2.33,-2.703747694756573,-8.204320604144133,-0.5414988796844433,3.8355108515650826,0.185,-4.687558063334158,4.244104665176611,-7.515664669619682,-0.2993516288327669,3.726440427904709,-0.041,-5.560408134977671,-2.6774218006934802,-0.5143288340302199,-0.7050557996666207,0.9700000000000001,-3.433990755915125,-11.988422581782032,-0.8057409548395178,-0.3788135054318964,0.1356573770491803,-15.175495863697227,-22.197124967915993,0.1534919718083394,-1.1768752853893005,0.39,-13.944678608030358,-11.752881165197948,0.74863945641086,3.676448668999388,-0.3006666666666667,-13.81259178390811,-6.592888886474135,-0.2371284589863798,1.792270531648743,-0.6512489074074074,-4.591036972232043,-11.653312523916082,-0.43913220116014173,-1.6254513765373346,0.2245,-9.080131345267487,-6.980985256030436,-1.9048161712106548,0.10009147124474538,0.1233333333333333,-14.482991386808813
2020Q3,2.31935829934935,0.3306884125875875,-0.6194263198879391,2.906666666666667,14.345438883396024,7.475749636345341,1.1251319592798126,-3.2680292739154737,0.1533333333333333,12.587608829587937,4.259482281915787,4.87392808884719,-0.06664445431603383,-2.3800472576438914,-0.06166666666666667,9.932563172589226,2.23472229923809,0.6375082087399342,-0.006738771524528175,0.7000000000000001,15.073052896038828,8.806722675630319,0.3838477117864336,-0.3635458018855786,0.09216825396825397,-1.3953221848989672,15.670178384378808,0.3674223361884721,-0.040137807007756265,0.07666666666666667,1.3508765987709765,10.843000302189854,-0.4021729061798318,1.4466678959889734,-0.4717361189535103,9.427473128437759,5.912626943943522,-0.11571962224188326,-0.01657138126249791,-0.7020782373423681,5.010200458017793,8.694358601145602,0.5121337861030639,1.921491641308748,0.1598333333333333,9.243630985922708,3.415865666407747,1.5611783242191812,6.616933152902593,0.09666666666666668,7.321802057578118
2020Q4,2.116156323817453,0.11996725650913476,2.0753664822655615,3.356666666666667,0.9504748264743342,1.1271389654218922,0.2296862691788526,-3.371562239025039,0.15,6.771656053311616,4.249542312727098,1.6559555795780057,-0.4677589551111083,-1.8805752505613782,-0.055,9.544631805985707,1.5020173431466333,0.01330760531601527,3.5549002203946856,0.65,9.64530682478841,5.473873562875475,0.3916786026679553,-0.14378147696270105,0.13586,5.3500745400993335,1.3587116948839295,0.15269509761761668,0.1938503280838333,0.04,2.2956968689216093,0.3806931807172731,-0.019040365632516654,-0.07216664246287863,-0.5226948051948054,2.287018657830669,0.9104868267642452,-0.20670957062005613,-0.5117480347156089,-0.7236363636363636,0.47561406432619785,1.860958168018012,0.3642106733318329,0.7610134997194429,0.1045,3.4859992795046186,3.347687919127651,0.8569028706014059,0.35775907173594135,0.03666666666666667,6.119795443128108
2021Q1,0.5834946323869161,1.437704873725032,1.8482633879704835,3.11,5.229588534342802,1.3861646539033323,1.0673973913259083,-1.47400660667385,0.1166666666666667,8.316318801674864,4.3394670202550865,1.0811985943318447,0.3009532450414021,-3.687626530996102,-0.05833333333333333,13.973802544518632,1.581843961067797,1.27592383122348,-0.5837766273215195,0.7200000000000001,19.02560400149614,2.488592560031755,0.7972351378267462,-0.2512774586238109,0.1796725806451613,10.492495439630089,-1.0819954660795439,0.2133821873505859,1.9344881812352277,0.05333333333333334,7.256016007170916,0.8288935852584167,0.7241481831901986,-1.0390474955769946,-0.542445652173913,9.163463403991182,0.7097208579648573,0.12752749107196593,-2.38359367314942,-0.730754,4.995105343072545,1.68922376535674,0.9887937791257073,2.0391891082425673,0.082,8.077318573703767,2.1390312754363094,0.5954903193657657,3.8531231679145073,0.01666666666666667,5.805396949205124
2021Q2,1.3896174070806566,-0.6282050747191903,-1.0214993446441945,2.863333333333333,-0.4548894429305243,1.6875713540136061,2.3128352646478945,1.4499039983105533,0.09999999999999999,7.957943390563084,4.443866204416606,0.6957064267403723,-0.5020931050100153,-4.1986308007516016,-0.06733333333333334,-0.08753481853250968,1.3468504851849694,0.5306790060833677,-0.14729712487904223,0.6933333333333334,4.021348585807163,0.5588827978243671,0.7039504517866391,0.5019250959039212,0.1253612903225806,5.5259507941969845,6.74930490085881,1.3309331368779098,2.13849517948832,0.08333333333333333,5.112509461331265,2.129943300487991,1.5165782143369277,0.8518276547158976,-0.5403847763347763,8.845155234729623,2.716005960137746,0.6881433131177062,-1.0702259732849662,-0.733829941786284,4.858850358876814,-0.11726418164164087,1.4296169144335735,3.1316637803236347,0.106,7.023819217788055,0.8170848203249648,0.7604668799875647,0.284398472935532,0.03666666666666667,5.181411686743143
2021Q3,0.09948453042358807,0.06631299977755134,0.8297447317169748,2.816666666666666,0.920646233742294,0.8216679137355243,1.5882948656609663,1.9573700001880745,0.1,5.547228466891133,4.33340520626777,-0.1430048193151734,0.5020931050100153,0.289361592301951,-0.072,-1.3697433575979412,-0.016071269558537438,0.6837522161764475,-2.5747938643107204,0.8133333333333334,-0.1404020743691406,0.7597644874909548,0.5746420504329386,-0.5254099063719764,0.12375625,-1.3548871197300865,1.6725795961369805,0.9271787671194076,0.16976029444819574,0.07333333333333335,0.9772230215421904,1.73680182804814,0.5724822616370417,-1.5372176148559014,-0.5458181818181816,2.4597057632064603,2.14635424826195,0.22183286098229615,0.09996036887010007,-0.7647727272727273,6.3375561093532555,1.9944856598590022,1.1993089075562402,-2.0108170401421432,0.159,4.03355099858612,-1.7276134467741677,0.7547153673555407,-3.45777040220554,0.01333333333333333,4.004260157988678
2021Q4,1.7542421697577026,0.890947982251511,2.7561620773708384,2.913333333333334,0.9722815170183798,1.7012023095373863,1.5063586611108626,1.7009148807915153,0.14,3.9881342701973397,4.503322013344014,1.1900562214676391,0.2001334890817219,-3.6843233636386863,-0.06433333333333334,0.8897703011050535,1.7377079632018066,0.9944547923156577,-1.282047158272448,1.173333333333333,-6.871547458996756,3.9345123794497283,1.5520532643781948,0.8187043440552877,0.1857523076923077,1.3573399206846568,1.3682452316944094,1.858186483984614,0.6857096826197839,0.15,2.1271506156399695,0.7934892040436736,1.7192751183250365,-0.905499513175112,-0.5663765606374299,1.98478074135611,0.7580691866620803,0.3873800570683983,0.6216426523769414,-0.71270327059414,1.3688660306287321,1.7745629171447064,1.0001246289581545,0.20099867982272812,0.1051666666666667,3.211399513821004,3.564147103544002,1.3278244852728882,0.07027631658020894,0.04666666666666667,-0.8119462697211548
2022Q1,1.0414472150768184,0.817933563816009,0.8979124929780369,3.23,-4.373018630717517,-0.25512379122494266,2.257783629418242,1.096190855862833,0.4433333333333334,-2.954238907426236,5.414291359465472,-0.3255301154891477,0.66423359463057,-2.696161622367832,-0.04900000000000001,-5.853686320847924,0.46617166874165505,1.6283838933511596,-1.0575590121143286,1.463333333333333,-7.677399286961233,-0.9716844384572099,1.6544614222005372,1.2337056374781774,0.2624758064516129,4.634573720372106,1.0082495532705238,1.2487457171864946,-0.13358355728385618,0.7766666666666667,2.919542174330751,0.7666458811152133,2.1721722880372774,-1.0226284432047983,-0.529025879933851,-4.144554771705019,0.21542059244836764,0.7442024661856728,-0.38076988872521866,-0.6937191000690129,-1.1807872895625335,1.0314921887179196,2.038783250895815,-0.17545263293454738,0.3986666666666667,1.193067338955875,0.924532213574647,2.1207892467244527,0.37927727893567464,0.1033333333333333,-1.7051247017079436
2022Q2,-0.6749238620630038,0.4551373266414416,-2.0629742149755437,2.853333333333333,-7.675001203267841,0.15642459467528624,2.9304720436042153,4.161372121502982,1.37,-8.324970339525564,5.041509304427254,0.9027589884635923,0.9881503329997265,-8.367488569863113,-0.031,-1.1085688133773166,0.99354498406381,1.9314744841993914,-0.017204893114008968,1.8,-5.898728527263012,1.165666798021192,1.9664628249703497,2.2942450347955834,0.7401147540983606,-1.9084356043127229,0.5563760001408014,3.5996517798086103,-1.0397598271621789,1.336666666666667,-0.3296714965132689,0.9129842861076654,3.3216724528179142,-0.8510980570525462,-0.3576164274322171,-8.747867207376531,0.9265052310935218,1.5626158645146937,-1.3564221808302968,-0.6220238095238096,-4.581100554604632,1.1312154467271185,3.037303597159724,1.7471010279585641,1.416333333333333,-3.4380435571666026,0.9857813754774902,1.760053841449949,2.754770420171848,1.003333333333333,-1.2816354263758154
2022Q3,1.7144958799788945,0.45307520870521145,-0.016010502924146408,2.55,1.8739318946992698,0.7193063325231286,1.3060954633242083,3.8133405393248054,2.823333333333333,-3.3798325334464128,4.846886850886241,-0.3604290092161122,0.9784813879997856,-2.9290526938618555,-0.02233333333333333,2.5726406158026354,0.25757268258113086,1.122221667640222,-2.417225520923072,2.736666666666667,-8.42896306843274,0.13350459058028008,1.9069746891907435,2.9471152455099237,2.0091296875,-1.2488573028750605,0.1010657129434378,1.6839597373192738,-1.981227519607387,2.326666666666667,-1.7985763753451507,0.44178558840499704,1.7445694814789192,-1.5253741619532413,0.4807406048058235,-3.909346694431557,0.5491258589846559,0.629266298856912,3.3436932422794996,0.004318181818181831,-6.470101253863576,0.8055129730704991,0.8324253982086915,-0.8096189891611871,2.924333333333333,-6.325509598568438,0.4793403172005384,1.8075161718031474,-0.058817157731372305,2.38,-4.570668197700078
2022Q4,0.04761623452607111,0.09682105000345942,-4.372567345988099,2.633333333333333,-5.072818394660975,0.6878691352246946,0.36648888377737165,0.2634409311747632,4.273333333333333,-3.108796675417584,4.817805384116959,0.462373047711484,1.1616781170668666,-0.18785911726313387,-0.01566666666666667,-0.7960535888312633,-0.4004031317176526,0.4008144029207017,-0.1552411841957202,3.9,-2.357269920235043,2.025184723830442,0.9149774209621597,2.4130972586840826,2.955215873015873,-0.883750646518698,0.25991295704672623,2.4605810802199812,1.487972493709755,3.563333333333333,-0.3057504932568849,-0.05222935733124601,2.298118261243065,3.186632410351642,1.772123376623377,4.559074864254095,0.18729719533912004,-0.04605290811481311,-1.3432126514783427,0.6016996825396826,-0.6872454653639618,0.06288166860954902,0.543893432593201,-3.5085671513807704,3.971833333333333,1.0246070215500962,0.8217650720915515,1.8518994250520393,-1.5226503225704846,3.06,2.724133143418894
2023Q1,2.798459584958657,0.2255518919810129,-1.2489432009287427,2.963333333333333,5.413795993617979,0.7212436697244584,1.03948514126877,-3.9351361580968636,4.753333333333334,3.8450171635919808,4.702417881535364,0.8126308030525387,0.4481441559069488,2.7091640494593783,-0.004333333333333334,-0.35704571978934185,0.22160512333107008,1.0419134064004076,2.710023038924092,3.643333333333333,3.1064310244035265,-2.870277953858036,1.1874763013321576,0.7734694368580541,3.52031935483871,3.1050609670150777,0.05645769481974483,0.85106896679088,-0.7754114608293783,4.183333333333334,6.590586657635798,0.003821707836770827,0.388008026793063,-0.1385158754554361,2.631926284584984,11.337924479025787,0.19275686603172915,1.0032790122996182,-0.1401062986547963,1.11690912353347,2.89234410610869,1.0471720347700497,0.6056691670954351,-1.9417443503724208,4.387666666666667,3.5135260178530263,0.476778047092008,1.3667654175492316,0.9979591981659652,3.473333333333333,3.6403315301166606
2023Q2,0.6682127523003345,-0.6781876469941217,-4.082905190739972,2.893333333333333,0.8610497045710132,0.6259090546973489,1.1852798943385423,0.3610735645515284,5.133333333333334,4.908101519240348,4.687702100705893,0.07953137307241676,0.7319046196577084,-2.294596895958545,-0.007666666666666666,10.842934158115229,0.6833357279363739,0.6445999608142294,-1.7856688604704907,3.63,5.599001566973079,1.2951325001136382,0.9725052402635548,0.9382963101063346,3.618877049180328,-1.14933734770974,0.04134338447983055,2.4072329307792906,4.602097631223323,4.78,-0.90377669452707,0.19470134928019078,1.6020394941855365,2.2596809989186895,3.356432806324113,3.677653810174667,-0.35933587067811246,0.5342008051670177,1.8398255665827534,1.496818181818183,2.049558048914596,0.15944746056026915,1.477068489584621,1.4359629253343442,4.559333333333333,-0.07156080147507916,0.4541009983898725,0.8261445516771992,-0.9288137700095511,3.936666666666667,-0.44391039899296936
2023Q3,1.329209449416524,0.29121521955906005,-1.995860826681728,2.613333333333333,-3.083840861378011,1.147002739716818,0.8626946126145896,0.9513632478322265,5.426666666666667,5.862299886965694,4.628951814652893,-1.375509203434433,0.7580579573677859,-3.3927080325209857,0.006000000000000001,6.793431607063599,0.9512914264116823,1.0037725433511113,2.6922313527426134,3.736666666666667,0.6989422287242125,1.1443026150182334,0.9471790427953763,1.2463907912700911,3.657346031746032,-0.15207747590728715,-0.23988452924639247,0.43854062285628714,1.9162631959905418,5.513333333333333,-2.426068345734586,0.0180532844243686,0.565993479259852,1.3623518051875116,3.777387163561077,-0.8763730944929087,0.43466857476337495,0.10049645084322378,2.185044594146923,1.752424242424243,-2.6383626830924976,0.05013077864486348,0.9937707326701073,1.0416078450838029,5.008833333333333,-0.2368266162245036,0.4024198535065082,1.1896087537008881,0.16010802861439188,4.193333333333333,-0.14589273472023764
2023Q4,1.6301868893144444,-0.1616815226905821,0.3916149219609366,2.876666666666666,-5.231237807608889,0.8405149024248715,0.10445316681622074,0.7145649459749492,5.396666666666667,0.2985296457219887,5.109716133796772,0.5275704036163731,0.9395621889743744,-1.1372254042916197,0.02133333333333333,-0.13106085869099224,0.7281571247222729,0.6695329410439932,0.401047337655136,3.826666666666667,-3.913590329558334,3.48931524971956,0.8413555878729717,1.184315236921929,3.671814285714285,-3.6175929981440555,-0.321959232347524,0.564683225332363,-1.2837225610255132,5.326666666666667,-0.029216198407405275,0.07722330597541571,0.16649215693709252,-0.9072659386510473,3.957455988455987,-0.00769595328049669,0.3409894242193623,-0.03365490580238273,0.07223773093638641,1.71810606060606,-2.217488388944246,0.05168273074271923,0.0841219818272343,-1.3020632945649702,5.007833333333333,-1.2632162418177602,-0.0077753522255363805,0.5895286560608781,0.4538135888839889,4.313333333333333,-1.6986464912148516
2024Q1,1.2916225266546455,0.5164633816841402,0.0573558948904207,2.67,-2.484160566562409,0.20964144162984866,1.0371782054924061,-0.6059687734011554,5.256666666666667,11.084746962155938,4.988571445498419,-0.2999825077727003,0.06232471376570459,-1.5336174586788154,0.05366666666666667,14.86716774907984,1.007700722008753,0.6533470369781469,-1.0639123745456835,3.693333333333333,5.821577100194252,-1.7209460176124125,0.42340337927102567,0.21303613619378936,3.659891935483871,1.5351776494666074,0.7254538264542809,0.4341725630182758,1.0056517641335638,5.203333333333333,2.096130036646416,0.332841982550125,0.23315968594070924,-0.4484756074119467,3.92361471861472,10.07948028970239,0.006186519201367702,0.5558749472196034,0.5988727708051478,1.6284126984127,5.20241619779493,0.726000204512367,0.251942186594345,-0.026413101051581123,4.929333333333333,6.870282398714732,0.2440369741090187,0.9506486691244653,0.9355302967649415,4.346666666666667,7.136441267387952
2024Q2,0.9950330853167877,-0.41942310235629776,-0.6796264854800782,2.346666666666667,4.3637198167794224,0.8815888540691041,1.144461082929027,2.001724651357062,5.313333333333333,5.0471604772599585,4.911575872437973,-0.02091351177186951,0.9302392662313252,-3.1730787278694272,0.129,2.692446073444094,-0.15130414829798156,0.30753484002472575,-1.8301526195624085,3.59,3.5578115095097327,1.7813065784601179,0.5083980058577353,0.39858656554985217,3.60957868852459,3.5562903700749255,0.6192595917510424,1.3918989741674714,0.7165210928038235,5.166666666666667,6.388822203481967,0.2167835997759937,1.487924998252499,0.9244247095789859,3.808171936758893,4.804932594490407,0.9712797827237551,0.7300747735099478,-2.755487324560324,1.475666666666666,3.1198051859558045,0.8126804953642264,1.3744489589169184,-0.2678263045559959,4.8135,3.220499671988574,0.25147801281191207,1.0137656502264392,2.048480209581083,4.373333333333334,1.44489354650166
2024Q3,1.3902905168992064,0.548123248821053,-0.5245557836063064,2.103333333333333,-6.364730828834644,0.8213953156380072,0.30162833130491506,-0.5822565872875884,5.096666666666667,5.4001497637651195,4.79779954548811,0.6811613942970141,0.7992664744035594,3.233212411481823,0.2256666666666667,-1.6347790288829445,0.05518224065710342,0.39984293059145415,-0.7851700052008859,3.52,-1.0139746171853956,3.2086830691152812,0.37894473733564027,0.3420392331399569,3.469592307692308,4.693304134239931,0.17885594528577187,0.4763704633417021,0.907310019736407,4.946666666666666,0.8150038594759419,0.4383338709421203,0.25286461517817216,-0.11139872060574874,3.55537709392057,-2.5499845763817306,0.428039436831007,-0.19337580936573673,1.9134253708366522,1.094031166321603,3.0453847128544638,0.8158177235127795,0.30975760441354083,-0.20548860472136,4.261,4.284308165635802,0.3051541284651904,0.2452971569762319,-0.504391698626705,4.42,2.9873214746391543
2024Q4,1.5873349156289684,-0.45117704636616907,0.4595879043270301,2.046666666666667,14.838009201504724,0.45882049253069823,0.22470149282165508,2.186391693645451,4.536666666666666,6.3777478583796245,4.89774029251265,0.34753418200796915,1.0962350949662358,-0.22684669805137503,0.3346666666666667,2.166297893788991,0.23610389469128634,0.19787005233791177,-1.8898647790480005,3.4,-6.5027564095664365,1.8483352775000128,0.09633848105101706,-0.25496913621561035,3.0287484375,6.987586158289931,0.4321586742007,1.0450455894851274,1.0452482890618953,4.69,-0.2551846982333122,0.37201410356573206,0.22598285841635146,-1.4063815045841643,2.996487169834994,0.5642415068606056,0.19775446579242129,-0.4347379998089984,-0.01316222443490389,0.7672502346445823,-2.281950938837831,0.6989823689202979,-0.041245618237883974,-1.878791386563261,3.461666666666666,7.868734382384241,0.436203286358694,0.1758287674379133,-1.4544148859963357,4.423333333333333,3.715019838185534
2025Q1,1.0939940038333873,0.19361090268663617,-0.5648300617063562,2.023333333333333,-0.8499757973994049,-0.1626486055759102,1.0287410632356497,1.8522615289665367,4.32,-0.17471405101261522,4.9513805668789415,0.5060436600060392,0.8744213713606008,1.5042027904629052,0.7933333333333333,-1.241871970317085,-0.17249932599776585,1.1790681039026474,-2.2521759194611413,2.943333333333333,1.6390738327194707,-2.436169774213859,0.005644549441985447,-0.523561405394446,2.542981666666667,4.604954288152702,0.5717573358241523,0.6906786213253469,-0.8858090001382379,4.46,4.446707030549855,0.6530159287445159,0.3589445132472058,-1.157010064637376,2.5568363354,8.331859680280186,0.8066352767831297,0.2535159361633177,-1.8432630275053263,0.3640857142857143,6.260612482785389,0.713036876991513,0.6169051026715167,-2.145917102121331,2.8535,1.0633625821401476,0.26004556237637644,0.9939758281930722,-2.392870218176757,4.206666666666667,-0.6018183752248872
2025Q2,1.0939940038334761,-0.30352270477260745,-5.4852217985954965,1.88,0.9027454227226408,0.9415531605190708,0.8607439630675451,-3.7029083172892108,4.306666666666667,-2.817637729535735,5.172395046603204,0.27008665419678834,0.5687786625434121,2.7957793650314144,0.7772733333333334,-4.47993728952578,0.6474649762181706,0.25249640408944174,0.4172620526414761,2.66,4.746642255013612,2.6342611946247985,0.3238614238779469,0.02332769591264494,2.040903225806451,-0.6771264886445822,0.1557424654116346,1.7785826377116898,2.4525441722292207,4.2,-0.30618724774067096,0.12334447654636094,1.1622746838251707,4.250495800790066,2.1076911977,-1.6336534726131713,0.14313117868614,0.37871675764895585,3.0730011828885573,0.09581766666666665,-4.756645000565012,-0.24261653492096968,0.8776462090112958,2.0444457590666154,2.634833333333333,1.261255530018744,0.9640494059384608,0.6831765265959078,-0.4473570606174704,3.83,-0.36168911727107517
2025Q3,1.0939940038333873,0.35492792973883525,-0.12281713307391584,1.706666666666667,10.10686118999508,1.0705948401179555,0.7232126201251354,-1.6777164141102752,4.2,11.404721226084012,4.88896973117565,-0.5892254646570727,0.29806281381370425,-3.8698739655552927,0.78788,13.862582035474,1.352560022835636,0.30615626425953835,-0.435602936356716,2.526666666666667,18.80329448209095,2.3249198886556854,0.18813312409244887,-0.40024009373782476,1.443957575757576,9.5112593193152,0.0749427323239793,0.529866364940812,-1.034842732949226,4.0,6.338328926024091,0.2636433334571642,0.3483829538766692,1.0070643161086856,2.0115719305,2.8663978311066938,-0.4250843329142384,0.00046452521580420125,0.5543053788144903,-0.05394966403162057,0.20781173204624837,0.470809739927347,0.506740721538268,-0.4409028678815652,2.603166666666667,10.295624171680187,0.38123021140323843,1.3324557837464113,1.6806588340831041,3.623333333333334,6.853456775141614
